Time,0,0,0,0,0,1,1,1,1,1,0,0,0,0,0,1,1,1,1,1
Phenotype,Anti,Anti,Anti,Anti,Anti,Anti,Anti,Anti,Anti,Anti,Pro,Pro,Pro,Pro,Pro,Pro,Pro,Pro,Pro,Pro
Sample ID,0,1,2,3,4,0,1,2,3,4,5,6,7,8,9,5,6,7,8,9
Label,D229,D360,D384,D391,D75,D229.1,D360.1,D384.1,D391.1,D75.1,D274,D34,D356,D368,D370,D274.1,D34.1,D356.1,D368.1,D370.1
Per-C220,-4.473931,-5.965784,-4.035047,-5.380822,-5.321928,-4.92139,-4.717857,-4.92139,-3.988504,-3.058894,-5.265345,-5.795859,-5.717857,-5.878321,-6.643856,-4.573467,-4.965784,-5.442222,-5.795859,-5.265345
89-EpETrE-To,3.867896,4.584963,3.286881,3.620586,3.963474,3.560715,2.028569,3.584963,2.204767,1.744161,2.754888,3.295723,2.983678,1.815575,3.944858,3.01078,1.803227,3.106013,3.498251,3.733354
9_10-DiHOME-NE,-13.70880676,-0.1109159,1.63691458,-4.40812912,-1.62148838,-0.66428809,0.17632277,2.72465027,-1.01741705,-2.47393119,-13.70880676,-3.95232202,-3.58900771,-12.71149921,-3.13289427,-0.71075571,0.01435529,0.46466827,0.48542683,0.32192809
5-KETE-NE,-5.179188,-3.307573,-3.251539,-3.840629,-4.461164,-2.910502,-4.130365,-3.895395,-6.23243,-3.521183,-3.777937,-5.710283,-3.814007,-4.795859,-4.706512,-9.881702,-3.058894,-3.546245,-4.276485,-6.849752
Per-C150,-1.666576,-2.434403,-1.666576,-1.58208,-1.403542,-1.751465,-2.005782,-1.932361,-1.621488,-1.666576,-2.101598,-2.72738,-2.017417,-1.841663,-2.426625,-1.96016,-2.321928,-2.077041,-1.948976,-2.158429
C181n9/C180-NEFA,2.315663,2.403806,1.933144,1.535859,2.396478,2.325268,2.537834,1.889475,2.408384,2.21477,2.552572,2.511262,1.867064,3.63566,1.395405,2.658223,1.952067,3.224098,2.326426,1.921996
12_13-DiHOME-NE,-3.56319852,0.68706069,1.43829285,-2.75633092,-0.53324238,0.97819563,1.30451104,3.10433666,0.01435529,-1.1392358,-5.36289984,-2.59074485,-2.55639335,-3.55300276,-1.45403163,0.21412481,1.3448285,1.33342373,1.64154603,1.57531233
6-keto PGF1a-NE,-1.2584252,-0.5228408,-0.6148451,-1.8008774,-1.358454,-1.2108968,-1.2175914,-2.5734669,-1.3845837,-1.1713684,-1.8262329,-1.8624965,-2.3364277,-1.5521564,-1.1713684,-1.2653446,-2.2722973,-1.3695945,-1.6943213,-0.9077926
9_10-e-DiHO-NE,1.0143553,2.5335633,2.7246503,1.3103401,1.811471,1.2387869,2.0635029,3.3504972,1.2448871,1.1505597,0.5160151,1.2570106,1.7311832,1.1505597,1.2326608,1.6507646,1.6369146,1.6553518,2.0143553,1.5655972
9-HODE-NE,1.7949357,3.7441611,4.4918531,0.9335726,2.523562,3.9259994,4.3991711,5.8899602,2.8135247,1.8639385,0.7739963,0.8073549,2.65306,1.2448871,2.4005379,3.8777442,3.3362834,4.0959244,4.8021932,4.3074285
C184n3,1.0004094,2.745564,3.0066479,2.9368768,1.3738058,1.4305575,0.4820598,1.8657022,0.5427043,0.9744388,3.0336128,0.6450451,1.9527211,1.2245857,1.3292241,1.6515055,0.3614421,0.1536876,0.6596999,3.5129177
Per--C180-NEFA,2.319329,2.051024,2.731183,2.938474,2.276497,2.59431,2.431623,2.793688,2.573617,2.646854,2.226509,2.191878,2.633431,1.534062,2.615416,2.341417,2.885965,2.104001,2.499272,2.61306
6-keto PGF1a-To,-1.6348674,-0.3714597,-0.7131189,-1.6711635,-1.2412704,-1.3219281,-1.3997302,-1.6943213,-1.5269924,-0.9799423,-1.7036894,-1.6438562,-1.3621579,-1.6259343,-1.6620035,-1.4305089,-1.3147326,-1.6803821,-1.0528949,-1.5353317
9_10-EpO-To,7.159871,7.748193,6.531381,6.61912,6.84549,6.754888,7.247928,7.228819,6.307429,6.346957,6.300124,6.870365,6.193772,5.557655,6.870365,5.958843,7.658211,6.189825,7.629357,7.651052
9-HOTE-NE,-1.831358,-0.803393,0.6599246,-2.6170561,-1.6529013,-0.209228,0.4114262,1.6461627,-1.2584252,-1.3997302,-3.0588937,-2.0528949,-1.9268653,-2.3883555,-1.8262329,0.3561438,-0.6416037,0.2630344,0.3219281,0.6780719
15_16-DiHODE-NE,-3.4158071,1.6690268,3.1325768,-2.8059129,-0.1031469,1.7311832,1.6870607,3.3923174,1.0635029,-1.3040062,-1.7131189,-0.4839849,-1.8677522,-2.4819685,-2.2175914,1.448901,1.803227,2.2509616,1.7527486,2.2141248
11_12-DiHETrE-NE,-4.836501,-2.9771,-2.077041,-4.529489,-5.3629,-4.997694,-5.912673,-3.439089,-6.601212,-10.786848,-7.60964,-4.158429,-5.23243,-5.163591,-4.647467,-4.908334,-13.708807,-4.760235,-5.345198,-5.356975
10-Nitrooleate-NE,-2.9213902,-0.8598758,-0.3219281,-3.2108968,-1.2108968,-1.4941091,-3.4469345,-2.2446851,-3.8825709,-3.4050693,-2.2792838,-1.1488007,-2.8572598,-5.2487934,-4.4579896,-2.0892673,-3.9105018,-5.0209258,-2.5734669,-2.4819685
Sum-TriHOME-NE,-0.56704059,1.54101915,2.592158,-0.3921371,1.17632277,0.17632277,0.63226822,1.46466827,0.02856915,-0.50635267,-0.45403163,-0.11559745,0.49569516,0.48542683,0.41142625,-0.10314693,-0.11716134,0.97819563,0.40053793,0.27500705
C225n3/C205n3,1.03657578,0.58269582,0.83114758,0.74997308,-0.40835159,0.92806978,0.29804882,0.54836539,1.40572822,-0.04736273,0.28262594,-0.98827327,0.71186079,0.37155313,0.73277446,-0.45128983,-1.49591393,0.33118087,0.21512665,0.53324761
14_15-DiHETrE-NE,-7.655443,-4.490051,-2.152003,-6.859771,-5.020926,-6.243318,-7.514243,-3.781901,-9.352244,-9.047392,-6.380822,-5.92139,-5.93016,-6.813601,-6.097888,-5.622376,-6.368849,-4.974829,-6.345198,-6.058894
9_10-e-DiHO-To,2.815575,4.314697,3.472488,2.641546,3.498251,3.364572,3.294253,4.906891,3.392317,3.182692,2.613532,3.051372,2.729009,2.733354,2.739848,2.93546,3.620586,3.419539,4.044394,3.786596
C210,-1.3077195,0.2693496,3.5065084,-1.7119244,-0.2910275,-0.3467198,-1.780162,-0.7607716,1.334713,-0.489834,-0.1555303,-1.0074004,-1.0438811,-2.8290616,-1.0942371,-1.946169,-0.3453218,-0.7328779,-0.4786353,-0.3846377
19_20-DiHDoPE-NE,-5.1228054,-2.8572598,-0.9742624,-6.1584293,-5.2270164,-5.4548223,-8.0666072,-3.4932965,-6.8971132,-9.3150116,-5.4422223,-4.7446805,-4.9040081,-4.4579896,-5.3928946,-5.5129253,-4.7216583,-5.2108968,-3.8868329,-4.3161688
910-EpOME-To,7.70044,9.011227,7.238405,7.392317,7.672425,7.434628,6.70044,8.388017,6.498251,6.020147,7.087463,7.417853,6.882643,6.201634,7.906891,7.33985,6.330917,7.159871,7.888743,7.707359
C200-NEFA,-2.1402239,-2.432094,-1.4908536,-2.4886693,-0.8594677,-2.2079336,-2.3582249,-2.1262832,-1.7861842,-2.1688759,-2.3525054,-2.0201431,-2.0198082,-2.9135829,-2.4052968,-1.4629839,-1.6619694,-1.629522,-2.6320802,-2.5445169
1213-EpOME-To,7.199672,8.738092,6.820179,7.022368,7.357552,6.918863,6.3733,7.960002,5.972693,5.714246,6.432959,6.942515,6.143638,5.990955,7.451211,6.870365,5.968091,6.464342,7.599913,7.087463
Per-C170,-1.685014,-2.077041,-1.384584,-1.862496,-1.795859,-1.547932,-1.666576,-1.625934,-1.72738,-2,-2.12658,-2.506353,-1.883635,-1.603841,-2.351074,-1.826233,-2.011588,-1.800877,-1.708396,-1.943416
1213-EpODE-To,2.641546,4.419539,3.056584,3.094236,3.321928,2.803227,2.682573,4.321928,2.771886,1.510962,2.639232,3.269033,2.07382,1.62293,3.350497,2.759156,2.541019,3.139142,3.300124,3.419539
Per-C210,-7.643855,-8.38082,-2.954557,-7.965783,-7.643855,-6.380822,-7.965783,-7.643855,-3.522841,-6.965784,-6.380822,-9.965764,-6.965784,-8.965779,-8.965779,-7.643855,-6.795859,-6.643856,-7.643855,-7.380821
1213-Ep-9-KODE-NE,1.7398481,0.55581616,1.56071495,-1.2446851,1.26303441,0.26303441,-0.3921371,-0.51663564,-0.0424568,0.11103131,-2.2243173,-0.90508835,2.04614178,-0.99424073,-1.53951953,0.11103131,0.59454855,0.04264434,-0.15360698,1.09085343
5_6-DiHETrE-NE,-1.046921,1.9855004,-0.6214884,-1.4619585,0.0976108,-2.1713684,-2.3364277,-2.0649175,-3.5344956,-1.9434165,-3.0588937,-1.0954196,-0.5994621,-2.4900509,-1.2549779,-2.5563933,-3.3075728,-1.5437195,-1.7466158,-1.7514652
1112-EpETrE-To,4.061776,5.482203,3.350497,3.944858,4.371559,3.827819,2.70044,3.817623,2.372952,2.601697,3.207893,4.061776,3.405992,2.201634,4.643856,3.294253,2.250962,3.226509,3.916477,3.954196
5-HETE-NE,0.54596837,4.19377174,0.81557543,0.71369581,2.5680321,-0.25670047,0.12432814,0.08406426,-1.16488438,-0.02914635,1.44360665,0.94860085,0.75702325,-0.90508835,0.72246602,-0.10005101,-0.29335894,0.47508488,0.02856915,-0.12343394
Per--C200-NEFA,-2.258425,-1.617056,-2.867752,-1.867752,-2.932361,-2.145605,-1.994241,-2.070967,-2.210897,-2.058894,-2.680382,-3.046921,-1.648372,-3.590745,-2.064917,-2.878321,-2.12658,-2.816037,-2.32916,-2.32916
C205n3-NEFA,-6.9555625,-2.7033808,0.4855856,-3.919319,0.4586605,-3.4888088,-3.4231961,-3.0989987,-3.4473219,-2.324702,-4.2554014,-1.3759045,-2.4183134,-1.8760265,-4.0229885,-2.5459328,-2.8780414,-4.5266146,-2.4041935,-3.2339426
C180-NEFA,2.438106,1.234507,4.107758,2.318017,4.35216,2.528742,2.066984,2.738713,2.999183,2.536093,2.556288,3.215841,2.260428,2.211908,2.277507,3.760934,3.349612,3.290824,2.198134,2.401134
9_10-EpO-NE,0.4114262,2.3219281,0.6599246,1.2509616,0.9486008,1.169925,1.8073549,3.4854268,0.9030383,-0.2880646,1.0908534,0.5849625,1.6182387,0.1890338,0.3895668,1.0908534,0.704872,1.1826923,2.077243,2.5509007
C180/C160-NEFA,-2.193852,-1.817946,-2.202489,-1.047866,-2.141461,-1.581535,-1.391408,-1.924572,-1.363329,-1.344172,-1.800085,-2.408979,-1.68321,-2.180594,-2.016905,-1.822197,-1.453244,-1.367746,-1.625225,-1.93381
C220,1.8296898,2.7246032,2.4180222,0.95012,2.0774513,1.0851235,1.4041691,1.880342,0.8706041,3.3547119,0.9957995,2.6235727,0.1356272,0.2385438,1.58131,1.1562171,1.4142121,0.4526296,1.3945817,1.7517043
1617-EpDPE-To,3.643856,4.548437,2.843984,3.350497,3.837943,2.784504,1.678072,2.803227,2.316146,2.560715,2.748461,3.93546,3.028569,2.555816,2.901108,2.283922,1.673556,2.124328,4.277985,2.263034
1516-EpODE-To,4.584963,6.643856,4.50462,5.095924,5.741467,5.937815,5.57289,7.507795,5.542258,4.095924,4.465974,5.491853,4.044394,3.221877,5.60585,5.569856,5.923625,6.031219,6.161888,6.53294
12_13-DiHOME-To,-0.43050891,2.81147103,0.5849625,-0.05139915,3.19377174,2.32768736,3.26603689,4.28540222,2.75702325,1.89141919,-0.53742411,1.20789285,-0.04097178,-0.19594644,1.49057013,1.20789285,3.79701298,2.26002566,2.85399565,3.13750352
1415-EpETrE-To,5.040016,6.16792,4.201634,4.536053,5.281698,4.300124,3.560715,4.61471,2.969012,3.237258,3.837943,5.121015,4.087463,2.877744,5.575917,4.185867,2.825786,4.061776,4.812498,4.738768
Sum-TriHOME-To,3.711495,5.632268,3.510962,3.049631,3.655352,3.459432,3.336283,3.887525,2.903038,3.01078,3.336283,3.485427,3.056584,3.117695,3.776104,3.116032,3.122673,3.336283,4.232661,3.666757
13-HODE-NE,2.358959,4.137504,4.321928,2.035624,2.95977,3.193772,3.89724,5.066089,4.542258,2.07382,0.722466,1.691534,2.720278,2.02148,4.548437,2.446256,3.498251,3.655352,4.193772,4.478972
13-HODE-To,10.491853,12.666224,9.805744,9.894818,10.550747,9.837628,9.611025,10.670656,8.611025,8.957102,9.784635,10.440869,9.226412,9.415742,10.756556,9.670656,8.982994,9.599913,11.036174,10.579316
9-HODE-To,8.991522,10.994353,8.194757,8.344296,9.057992,8.714246,8.672425,9.564149,7.67948,7.60733,8.379378,8.83289,7.761551,8.044394,9.169925,8.348728,8.209453,8.344296,9.590587,9.273796
Per--Sum-SFA-NEFA,5.084957,4.78115,5.415725,4.932439,4.930595,4.94059,4.768184,5.357833,4.735576,4.845239,4.722958,5.056844,5.207502,4.444071,5.353359,4.783771,5.069315,4.310122,4.991272,5.246978
PGF2a-NE,-2.71785677,-5.67300248,-0.02326978,-1.25153877,-13.70880676,-1.77102743,-2.08926734,0.8559897,-1.92139017,-13.70880676,-1.48196851,-13.70880676,-1.32553935,-2.33642766,-1.41119543,-0.23276896,-3.57346686,-1.82623293,-0.9770996,-4.08558855
Per-C184n3,-5.321928,-5.965784,-3.442222,-3.380822,-6.058894,-4.573467,-5.643856,-4.92139,-4.321928,-5.442222,-3.210897,-7.643855,-3.899695,-4.92139,-6.965784,-4.083141,-6.058894,-5.795859,-6.506353,-3.490051
C204n6/C203n6,3.402428,2.048234,2.25951,2.265011,3.09863,3.496792,2.300802,2.530821,2.570158,2.878246,1.785397,2.374328,2.496354,2.394739,2.405046,2.025023,2.399475,2.725783,2.446918,2.539828
1213-Ep-9-KODE-To,5.292782,7.209453,4.837943,5.270529,5.539159,4.683696,4.596935,5.285402,3.620586,4.044394,4.478972,5.752213,4.193772,4.364572,6.033423,4.590961,3.867896,4.584963,5.744161,5.145677
13-KODE-To,6.633722,8.546894,6.232661,6.60733,6.870365,5.84549,5.921246,6.754888,5.017922,5.354029,6.123087,7.076816,5.626439,5.60585,7.467606,5.909293,5.378512,5.847997,7.219169,6.553053
Sum-SFA-NEFA,5.203652,3.964467,6.792347,4.312023,7.006168,4.875127,4.403469,5.302846,5.161197,4.734449,5.052794,6.08097,4.834476,5.12214,5.01552,6.203395,5.532912,5.496825,4.69006,5.035011
13-HOTE-To,3.596935,6.411087,3.432959,3.596935,4.095924,3.077243,3.548437,4.439623,2.510962,2.729009,3.472488,4.498251,2.533563,2.91265,4.177918,3.077243,3.405992,3.378512,4.498251,4.217231
C160-NEFA,4.631958,3.052453,6.310247,3.365882,6.493621,4.110278,3.458392,4.663285,4.362511,3.880265,4.356373,5.62482,3.943638,4.392502,4.294412,5.583132,4.802855,4.65857,3.823359,4.334944
15-HETE-To,5.862947,7.651052,4.82273,4.940167,6.44791,4.892391,4.906891,5.240314,3.336283,4.683696,4.554589,6.253611,4.672425,4.240314,6.44791,4.405992,4.095924,4.638074,5.944858,6.015694
9-HOTE-To,3.485427,6.402586,3.364572,3.485427,3.776104,3.689299,4.121015,5.066089,2.82171,2.620586,3.419539,4.364572,2.709291,2.865919,4,3.336283,3.827819,3.523562,4.578939,4.300124
9_10-DiHOME-To,-0.2142402,2.4905701,0.2265085,-0.2986727,3.5484366,2.2110122,2.9392266,4.4982509,2.5753123,2.0321008,-0.3827015,1.8439838,-0.3093594,-0.21927,0.9335726,0.9781956,3.8379432,2.1795111,2.989139,3.1226727
910-EpODE-To,4.201634,6.253611,4.061776,4.842979,4.661065,4.104337,3.560715,5.581954,3.632268,2.709291,4.232661,5.281698,3.608809,2.954196,5.100137,4.277985,3.797013,3.990955,4.940167,4.678072
11-HETE-To,4.620586,6.442943,3.584963,3.827819,5.36807,3.797013,3.643856,4.061776,2.244887,3.472488,3.314697,5.125155,3.472488,3.01614,5.361066,3.221877,3.0054,3.446256,4.925999,4.817623
9-KODE-To,7.546894,9.782998,7.199672,7.636625,7.924813,7,7.129283,7.820179,5.958843,6.376777,7.098032,8.209453,6.643856,6.632268,8.577429,6.988685,6.472488,6.894818,8.164907,7.70044
5-HEPE-NE,0.08406426,2.95419631,-1.02620507,-0.16004041,2.9068906,-1.53533173,-0.51251365,-2.91050185,-1.60384051,0.72246602,-0.07704104,2.07382023,0.20163386,-0.69432126,-1.20091269,0.02856915,0.72246602,-1.80087736,-1.25842515,-1.5691795
C181n9/C180,2.77605,2.750749,2.685443,3.142185,2.383125,2.307336,1.975373,2.118525,2.331822,2.453574,2.923847,2.543053,2.778723,2.457077,3.085798,2.162246,2.006633,2.094225,2.348673,2.419454
Per--C160-NEFA,4.513301,3.86918,4.93362,3.98632,4.418055,4.175764,3.823138,4.718252,3.936873,3.991046,4.026535,4.600686,4.316653,3.714355,4.632268,4.163499,4.33928,3.471838,4.124576,4.546956
" Per-9c,11t-CLA",-5.795859,-4.53952,-4.321928,-3.365871,-3.395929,-5.506353,-4.506353,-5.643856,-4.380822,-4.680382,-3.590745,-3.816037,-4.351074,-5.717857,-4.265345,-6.058894,-5.321928,-4.878321,-5.321928,-4.680382
8-HETE-To,3.877744,5.993221,2.757023,3.263034,4.749534,3.171527,3.129283,3.336283,1.176323,2.950468,2.715893,4.61471,2.837943,2.298658,4.72792,2.327687,1.910733,2.742006,4.129283,4.145677
Per--C202n6-NEFA,-1.3291597,-1.1171613,-2.2584252,-0.9770996,-1.3770696,-1.2549779,-0.9268653,-1.046921,-1.0528949,-0.6826959,-1.0439433,-1.9105018,-0.9629693,-1.8943219,-1.2515388,-1.4383073,-1.8262329,-1.1942948,-1.3658714,-0.6483717
C226n3/C225n3-NEFA,2.362122,4.6623855,1.8843359,3.5268877,1.5908422,3.9827801,4.1510138,2.4784484,2.5380427,1.936729,1.8333036,1.0006648,3.1557211,1.4492291,4.3844047,2.2235802,0.9492592,1.746768,2.1683022,2.3791493
Per-C161n7,1.0136409,1.3149865,1.1335635,2.0884809,2.4321577,0.7233401,1.0285692,0.7484612,1.4027222,2.3812834,1.9974731,1.6653928,1.5375446,0.9686438,1.5464624,1.5395311,1.5651097,1.2041407,0.8391534,1.2314324
5_15-DiHETE-To,-1.4739312,1,-1.8160372,-3.1328943,-1.0679388,-0.6214884,-0.7958593,-2.4739312,-1.9827907,-1.1909972,-1.8262329,-1.2757863,-2.2933589,-1.4266255,-1.1811494,-1.9268653,-1.1109159,-1.8677522,-0.6148451,-1.577767
13-KODE-NE,1.077243,1.9145645,1.9671686,-0.3237326,3.2433644,1.9781956,2.2720232,2.114367,1.469886,1.0976108,-0.8703873,0.275007,3.0197019,1.469886,0.2016339,2.2868811,3.3923174,2.3533233,0.5160151,2.4802651
15-HETE-NE,-2.09E+00,-9.30E-01,-1.29E+00,-2.85E+00,-1.84E+00,-5.58E+00,-2.46E+00,-1.25E+00,-6.38E+00,-2.18E+00,-3.28E+00,-2.82E+00,-3.41E+00,-5.28E+00,2.00E-11,-4.06E+00,-2.41E+00,-1.81E+00,-3.37E+00,-2.27E+00
14_15-DiHETrE-To,-2.6259343,-0.7710274,-1.6438562,-2.8572598,-1.2344653,-3.5261611,-3.3466648,-2.5395195,-4.5942254,-3.0232698,-3.6730025,-1.1552126,-2.8996951,-3.4004918,-1.2584252,-3.7998723,-2.8677522,-3.1713684,-2.7563309,-2.1140352
C150,4.632159,6.251974,4.787184,4.72839,6.021602,4.253386,4.099965,4.845902,3.243307,4.743845,4.140275,5.698072,3.83075,4.293272,5.789193,3.769927,4.073698,3.837806,5.207246,4.841096
5_6-DiHETrE-To,1.8639385,3.5849625,2.169925,1.5849625,2.7202785,1.4382929,1.1763228,1.6553518,0.3895668,1.5704629,0.5360529,2.9467309,1.7355222,1.2570106,2.592158,0.6507646,1.0976108,1.5509007,2.0738202,2.0179219
1213-EpOME-NE,2.6644828,3.1342209,2.7114949,1.5160151,1.8318772,3.3074285,2.1505597,4.4854268,2.4515408,1.5509007,-0.2601519,-0.2361635,3.3645724,2.7158934,1.3785116,2.9202933,2.3015876,3.0018022,2.8777442,3.2295879
C161n7/C160,-3.882045,-3.341078,-3.62077,-2.702905,-2.831937,-4.050454,-3.665254,-3.931974,-3.341788,-2.659714,-2.688868,-3.389698,-3.152927,-3.832937,-3.109159,-3.20078,-3.498484,-3.52843,-3.955419,-3.44901
C190,0.4205287,2.65232,0.7358106,0.3525274,1.4173397,0.4050358,1.1998875,1.3483938,-0.5865648,0.4196256,0.5395173,1.4981255,0.5889002,0.415778,1.2132169,0.4561269,0.4779884,0.3104361,0.7908239,1.4372816
9-HETE-To,3.89724,5.951868,2.754888,3.044394,4.602884,3.140779,2.845992,3.498251,1.035624,3.070389,2.920293,4.711495,2.873813,2.327687,4.78136,2.134221,2.817623,2.689299,4.1127,4.201634
C202n6-NEFA,-1.210403215,-1.934196065,-0.882010779,-1.597457449,0.698223669,-1.319500913,-1.292809748,-1.101881549,-0.628352722,-0.793776939,-0.714789604,-0.884113421,-1.336492955,-1.214238893,-1.588972101,-0.019534306,-1.362955362,-0.007763816,-1.665864241,-0.861344677
8_9-DiHETrE-To,0.43295941,2.64846544,1.69599381,0.70487196,1.75702325,0.77399633,0.08406426,0.87184365,0.422233,0.97085365,0.12432814,1.83592407,1.04963077,0.91838623,1.76977174,0.54596837,0.37851162,0.55581616,0.80735492,0.81557543
C225n3/C205n3-NEFA,5.13071453,-3.02310812,-0.21849415,0.35098038,0.19362334,-0.80751471,-0.61662288,0.53723947,1.38058072,0.15325143,3.83960575,0.78012365,0.1805726,1.66976972,0.91057278,2.03524397,1.4221666,3.1378488,0.06604593,1.29932536
17-HDoHE-To,4.070389,6.314697,3.711495,4.529821,5.074677,3.608809,3.130931,2.032101,1.077243,3.972693,3.584963,5.357552,3.378512,4.169925,4.277985,3.051372,3.807355,2.100978,5.84549,3.054848
9-KODE-NE,2.503349,3.134221,3.472488,1.169925,3,3.321928,3.817623,3.847997,3.510962,2.922198,1.042644,2.659925,4.053111,1.761285,1.15056,3.485427,4.350497,3.722466,2.65306,3.548437
C204n6-NEFA,0.51920788,-0.43389681,2.63748278,-0.6347685,3.76544253,-0.39224157,-0.40702401,-0.4236456,0.37712944,-0.13890993,0.06954374,2.76017312,-1.43988522,0.0541506,1.51807826,1.51512359,0.79027148,0.90788727,-2.51305516,0.38158747
Per-C181n7,0.6897464,0.8984019,0.8615584,0.9471051,0.5926364,0.7355222,0.9305481,0.9221978,1.0292762,0.8261925,0.8591745,0.4404207,0.9022666,0.929791,0.7092906,0.8007446,0.6843699,0.9014945,0.8479969,0.7536045
Per-C224n6,-2.522841,-2.380822,-2.286304,-2.426625,-3.120294,-2.590745,-2.365871,-3.058894,-1.795859,-2.756331,-2.736966,-2.932361,-1.888969,-2.899695,-2.190997,-2.426625,-3.035047,-2.58208,-3.011588,-2.139236
8_9-DiHETrE-NE,-4.4111954,-0.4131152,-2.9657843,-2.8262329,-4.9257686,-3.9953907,-7.2809651,-2.7858752,-4.148161,-1.8677522,-3.8406291,-2.7273795,-3.7878665,-2.4266255,-3.6170561,-4.2820878,-2.6259343,-2.8365013,-4.1635911,-3.1328943
Per-C201n9,-2.85726,-3.107803,-2.307573,-2.300448,-2.795859,-2.293359,-1.894322,-1.713119,-2.12658,-2.45799,-2.698998,-2.490051,-2.514573,-2.836501,-2.899695,-2.365871,-2.272297,-2.064917,-2.351074,-2.45799
C226n3-NEFA,0.53727363,-1.06410338,2.1514273,-0.04145089,2.24312601,-0.31354348,0.11119476,-0.08331085,0.47130155,-0.23472166,1.41750795,0.4048839,0.91798032,1.24297225,1.27198902,1.71289133,-0.50661559,0.35800218,-0.16984545,0.44453207
Per-C183n3,0.06901468,0.75017771,0.72944401,0.48851501,-0.68501351,0.08949815,0.30451104,0.27857955,0.28214323,-0.31832586,0.65260122,0.18903382,0.37851162,0.34141652,0.02431968,0.17120683,0.24610401,0.3021728,0.27500705,0.16092019
C203n6-NEFA,-3.05261792,-2.14595079,0.19111753,-2.72542154,1.91680011,-2.84621572,-3.9930729,-2.15101727,-1.39247562,-2.2004511,-1.26987987,0.37401859,-1.40956695,-0.97602533,-2.13659521,0.01270324,-0.58935472,-0.70783565,-2.56083139,-7.08914537
Per-C190,-5.878321,-6.058894,-5.717857,-5.965784,-5.965784,-5.573467,-4.92139,-5.442222,-5.442222,-5.965784,-5.717857,-6.965784,-5.265345,-5.717857,-6.965784,-5.265345,-5.878321,-5.573467,-6.380822,-5.573467
5-HETE-To,5.300124,7.392317,4.452859,4.584963,5.914086,4.626439,4.426265,4.649615,2.901108,4.661065,3.89724,6.36807,4.364572,4.061776,6.224966,3.972693,4.185867,4.412782,5.436295,5.498251
Total NEFA-NEFA,6.762531,5.827168,8.020465,6.023436,8.71942,6.578372,6.279148,6.588879,7.06948,6.533051,6.973698,7.667976,6.270841,7.321949,6.306005,8.063474,7.107446,7.83057,6.34266,6.431874
Sum-n-3 PUFA-NEFA,1.6521106,0.9802861,3.5879229,1.3280833,4.2825698,1.479205,1.5844338,1.5618421,2.2280087,1.8276607,2.6567078,2.543873,2.1080715,3.0727841,1.7150332,3.3044884,1.8158621,2.8521088,1.5248397,1.5075973
Per--C183n6-NEFA,-1.7273795,-0.3437325,-1.3147326,-1.1648844,-1.2481079,-2.6529013,-1.7612131,-1.5907449,-1.7710274,-1.1681228,-1.5521564,-1.2688168,-1.1360615,-0.9913697,-1.9159357,-3.2515388,-1.6126375,-2.9885044,-1.6989977,-1.8624965
Per-C200,-4.717857,-4.836501,-4.321928,-4.965784,-3.590745,-3.816037,-3.158429,-3.083141,-2.932361,-1.965784,-4.92139,-4.265345,-4.92139,-4.442222,-5.380822,-3.680382,-3.083141,-3.365871,-4.035047,-3.836501
C150-NEFA,0.9252283,0.5282113,1.0085941,0.4610171,2.0819139,0.7733866,0.5724231,0.5294026,0.7460973,0.5876077,0.7089517,0.9536923,1.3249252,0.8679873,0.7819636,1.1101734,0.7822162,0.7824333,0.8476573,0.7395306
C181n7-NEFA,0.32588028,-0.41914956,1.91265357,-0.29232115,2.40547467,0.74018388,0.70669396,-0.04412724,1.00358793,0.43524181,0.80288181,1.26635906,-0.40360133,1.35445452,-0.10645989,2.27702247,1.06619003,2.2569672,0.41686472,0.4578491
C140-NEFA,1.1407313,0.9148309,3.1161512,0.6997154,2.8879746,1.2594466,1.2016159,1.7840298,1.5729439,1.2052467,1.5532652,2.0806819,1.3677051,2.2129287,1.7979945,2.6022978,1.8559367,2.223576,1.4490916,1.6633128
12-HETE-To,4.412782,6.36807,3.305971,3.584963,5.066089,3.655352,3.57289,4.078951,2.375735,3.195348,2.987321,4.968091,3.235727,2.927896,6.095924,2.895303,2.715893,3.234195,4.765535,4.990955
C183n6-NEFA,-1.61039365,-1.16021446,0.06174435,-1.7845113,0.82731885,-2.71677705,-2.12427647,-1.64535865,-1.34625725,-1.28027798,-1.22229105,-0.24580296,-1.51018973,-0.31334601,-2.25196894,-1.83510188,-1.14687066,-1.80701487,-2.00070096,-2.07400507
C170,4.613272,6.607579,5.070687,4.448329,5.631257,4.458417,4.440909,5.155567,3.138205,4.412299,4.113466,5.92684,3.965182,4.527385,5.864804,3.907162,4.384977,4.113184,5.44841,5.057999
Per-C204n6 AA,1.8746003,2.0721058,1.6712934,1.5641342,1.6177686,1.8678965,1.696439,1.0731347,1.0229004,1.5719195,1.3901174,1.4286784,2.0617762,1.6571827,2.0986217,1.3115031,0.8535965,1.7290089,1.5499156,1.9752633
Sum-n-6 PUFA-NEFA,4.458379,3.238673,5.186298,3.412344,6.994836,4.121514,3.644039,3.515819,4.892629,4.215149,4.984471,5.584022,3.340395,4.99291,3.102089,6.060809,4.748725,5.829302,3.440195,3.289209
Sum-n-6/Sum-n-3,3.363463,3.097109,3.074079,2.533919,2.971769,3.373121,3.315421,3.57877,3.030989,2.942568,2.822557,2.350096,3.253229,2.801899,3.768868,3.182415,2.616316,3.422979,3.094207,3.620305
15-KETE-To,2.114367,3.9818527,1.2509616,1.8237494,3.1731274,1.3950628,1.3895668,1.2986583,0.8953026,1.0635029,1.2986583,3.1811026,1.6461627,0.8797058,3.5969351,1.3103401,1.2690331,1.5558162,2.5680321,2.1667154
C182n6-NEFA,4.290758,2.946779,4.774984,3.191037,6.734716,3.981914,3.449096,3.268066,4.748467,4.032532,4.862462,5.262898,3.084297,4.84797,2.266145,5.941195,4.557516,5.725869,3.295035,2.930491
C183n3-NEFA,0.4868439,0.4029047,2.3156951,0.4736495,3.5584656,0.8823032,0.8194708,0.784368,1.5695571,1.187868,1.5021888,1.790999,1.0162003,2.2951006,-0.5333311,2.5181698,1.2118018,2.4630006,0.6798119,0.156538
Per-C225n3 DPA,-1.0985055,-0.5084034,-1.2009127,-0.9241251,-2.2175914,-1.2863042,-1.3327891,-2.3883555,-1.3040062,-1.9105018,-0.7809089,-1.1552126,-1.2412704,-1.2108968,-1.1778817,-1.6259343,-2.0174171,-1.9378783,-1.6259343,-1.5187011
5-KETE-To,2.0874628,4.1538053,1.0908534,1.8599695,2.9259994,1.1763228,1.3673711,1.4059924,-0.3219281,0.9259994,0.722466,3.3504972,1.3617684,0.6959938,3.4724878,0.704872,0.5058909,1.4329594,2.3248106,2.3362834
Per-Sum-MUFA,5.038436,4.943124,5.107813,5.284218,5.033687,5.090303,5.074163,5.245191,5.259348,5.161001,5.181659,5.176004,5.116198,4.919388,5.166836,5.137012,5.1382,5.115533,4.997247,5.138405
910-EpOME-NE,2.89141919,2.89336221,1.94110631,1.41683974,1.24488706,2.33913738,1.58976349,3.77610399,2.54596837,0.78240856,0.05658353,0.62293035,3.37851162,2.46988598,0.7398481,2.62760684,2.22032995,2.62760684,2.31034012,2.32192809
15_16-DiHODE-To,-1.88363524,1.88752527,1.02856915,-0.4639471,2.25096157,1.22650853,2.94485845,3.57288967,2.79493566,2.09423607,-0.10935876,2.17632277,0.31034012,-0.85204212,-0.08926734,0.62293035,3.52356196,1.92219785,1.95977016,2.00360224
C120-NEFA,0.8089166,0.320406,1.3928743,0.1675553,2.0900432,0.6029453,0.7481189,0.9610552,0.805701,0.6759608,0.7213425,0.9527208,1.2142658,1.0490578,1.0416847,1.4160281,0.9827926,1.4940232,0.9064888,0.8824938
Per--C150-NEFA,0.806530289,1.344828497,-0.367731784,1.081339627,0.005759269,0.839153387,0.937344392,0.584000383,0.320773477,0.698663,0.379620962,-0.070966521,1.69777382,0.190298792,1.119688175,-0.309359421,0.318461465,-0.40354186,1.14860877,0.951587795
Per-C140,0.1839628,0.1453514,0.1991226,1.2085173,2.1086917,0.5290713,0.9114998,1.0593553,1.4334936,1.6248028,0.8718436,1.2228046,0.3851549,0.7646859,0.3010023,0.9463566,1.4568061,0.986957,0.8407653,0.7638365
Per-C160,4.895836,4.655924,4.75462,4.791345,5.264048,4.773785,4.693877,4.680099,4.744269,5.041112,4.686501,5.055152,4.690585,4.801521,4.655753,4.740442,5.06346,4.732432,4.794572,4.680662
1718-EpETE-To,1.55581616,3.77610399,2.08406426,2.24488706,2.19219417,0.96347412,0.7398481,1.31034012,0.43295941,0.55581616,2.02147973,3.72246602,0.55581616,-0.02034045,2.28688115,2.22032995,2.33342373,0.62293035,2.03210084,0.79908731
15-HEPE-NE,-1.351074,-2,-1.055891,-1.761213,-2.556393,-1.77596,-1.810966,-2.32916,-2.32916,-1.785875,-1.56918,-1.37707,-0.541618,-2.717857,-1.746616,-1.358454,-2.017417,-2.756331,-1.910502,-1.354759
Per-Sum-SFA,5.162371,4.935743,5.075575,5.099506,5.596339,5.156073,5.164022,5.178595,5.207854,5.395371,5.001982,5.368454,4.998331,5.126436,4.928939,5.169364,5.468811,5.1774,5.154737,5.072063
9_10-DiHODE-To,-5.3161688,-0.8390798,-3.2108968,-3.6012118,-0.5145732,-0.5691795,0.4956952,1.7949357,0.2141248,-0.8809759,-3.0350469,-0.803393,-3.6711635,-3.6785336,-2.2243173,-1.4150375,1.2986583,-0.390245,0.2141248,0.2016339
13-HOTE-NE,-0.05889369,1.45417589,2.28095631,0.23878686,2.34198575,2.6622055,3.10936056,3.36457243,2.06695024,1.04963077,-3.32192809,0.8559897,2.02147973,1.26303441,2.80529246,2.61588707,3.22342255,2.72900887,2.5533605,3.35049725
C183n6,4.218522,8.218402,4.645422,4.745369,5.491636,3.418605,5.172874,4.266359,2.836602,5.299667,5.302945,6.863785,4.770033,3.865748,7.502352,4.251352,4.49174,4.491661,4.66511,6.028556
C170-NEFA,-0.8496975,-2.3215488,-0.7841636,-1.9141795,0.6505792,-1.1001144,-1.6477041,-1.3301013,-0.9254444,-1.1023737,-1.2738149,-0.4939075,-0.5137297,-0.9203079,-1.2132401,-0.1021991,-0.834896,-0.7811278,-0.9917665,-1.0874087
C225n3-NEFA,-1.8248484,-5.7264888,0.2670914,-3.5683386,0.6522838,-4.2963235,-4.039819,-2.5617593,-2.0667412,-2.1714506,-0.4157957,-0.5957809,-2.2377408,-0.2062568,-3.1124157,-0.5106888,-1.4558748,-1.3887658,-2.3381476,-1.9346172
C183n3,6.367832,9.43335,7.18493,6.801086,6.742196,6.094014,6.412145,7.05942,5.147852,6.091769,6.895358,8.61971,6.224802,6.47459,8.243604,5.901971,6.644963,6.21568,7.431562,7.161028
C181n9-NEFA,4.753768,3.638314,6.040902,3.853876,6.748638,4.85401,4.604818,4.628188,5.407567,4.750863,5.10886,5.727103,4.127492,5.847568,3.672912,6.419157,5.301679,6.514922,4.52456,4.32313
Per-C183n6,-2.0831412,-0.4639471,-1.8109662,-1.5691795,-1.9323613,-2.58208,-0.9351171,-2.5145732,-2.0291463,-1.1109159,-0.9406447,-1.5649048,-1.077041,-2.2653446,-0.7154859,-1.4779443,-1.9050884,-1.4227525,-2.4900509,-0.9714308
C203n6,4.771312,8.706696,5.867285,5.611541,5.945559,4.375432,5.503129,5.322598,3.318158,5.103245,5.847806,7.484663,5.411653,5.395007,7.912278,5.017561,4.852563,4.917128,6.25961,6.435176
C161n7t-NEFA,0.5507043,0.5615122,1.3581633,0.6653553,2.5583144,0.4924777,0.6040744,0.2220854,0.9924137,0.7008748,1.0759961,1.3355352,1.1928107,1.5605965,0.420779,1.6541456,0.6319145,1.4288486,0.9593311,0.4639227
C182n6,10.88057,13.499174,11.028306,10.515556,11.093861,10.533667,10.614751,11.155736,9.094432,10.349169,10.791872,12.330376,10.446361,10.83744,12.872225,10.194883,10.295007,10.37132,11.799657,11.53574
Sum-n-6 PUFA,11.134635,13.79512,11.284503,10.823931,11.491082,10.791704,10.898153,11.35695,9.327766,10.701382,11.036864,12.665951,10.762102,11.060718,13.187691,10.429594,10.537742,10.650365,12.0165,11.847579
Sum-MUFA-NEFA,5.019046,4.080772,6.324101,4.25627,7.015791,5.07528,4.904359,4.922,5.65177,4.993128,5.38038,5.988942,4.47473,6.17659,4.186046,6.64508,5.516858,6.695417,4.845718,4.697034
C225n3 DPA,5.202065,8.175347,5.253583,5.386993,5.212354,4.718387,4.775275,4.394906,3.560852,4.496779,5.462739,7.275015,4.605608,4.921834,7.04145,4.106529,4.383033,3.978351,5.531581,5.48208
Sum-n-6/Sum-n-3 -NEFA,2.806268,2.258387,1.598375,2.084261,2.712267,2.642309,2.059605,1.953977,2.664621,2.387489,2.327763,3.040149,1.232324,1.920126,1.387055,2.75632,2.932863,2.977193,1.915356,1.781612
C161n7t,5.289576,8.218628,5.5462,6.019356,6.176637,4.841135,5.411216,5.709577,3.961231,5.654089,5.604398,7.167685,5.390972,5.627014,7.663022,5.06384,5.011253,5.162508,6.312973,6.225965
Per--C204n6-NEFA,0.40053793,0.38294387,1.26062791,-0.01449957,1.68974644,-0.32734837,-0.0424568,-0.36959453,-0.04841221,-0.02767496,-0.2601519,1.73595535,-1.06793883,-0.62370962,1.8559897,0.09491165,0.32653735,-0.27928376,-2.21089678,0.59359281
C181n7,6.989062,9.581093,7.317348,7.259657,8.019523,6.739921,7.038064,7.703,5.895083,7.236081,7.102415,8.870595,6.748398,7.06244,8.928498,6.532167,7.083255,6.814988,8.004574,7.752953
C204n6 AA,8.173741,10.75493,8.126795,7.876552,9.044188,7.872224,7.803931,7.853419,5.888316,7.981491,7.633203,9.858991,7.908007,7.789746,10.317324,7.042584,7.252038,7.642911,8.706529,8.975003
9-HEPE-To,0.48542683,3.19377174,-0.63486741,0.47508488,1.5849625,0.07038933,0.15055968,-0.11872694,-1.95455703,0.20163386,1.06350294,2.83390208,-0.1062495,-0.19759996,0.54596837,0.65076456,1.12432814,-0.37145968,1.41683974,0.59454855
C224n6,3.77676,6.299937,4.167211,3.882296,4.310717,3.417159,3.741087,3.720022,3.072115,3.648797,3.505279,5.499721,3.957179,3.228079,6.027709,3.303974,3.357689,3.332848,4.146682,4.859764
C202n6,3.728677,6.590432,4.361343,3.971193,4.468225,3.644229,4.251192,5.151868,3.291949,4.198021,3.89903,5.777395,3.696388,4.137471,5.747522,3.715031,3.806091,4.167992,5.214926,4.775199
Per-C181n9,4.837741,4.676437,4.894187,4.989502,4.660267,4.911692,4.850799,5.069187,5.037997,4.808385,4.891905,4.955499,4.858379,4.675534,4.933195,4.893119,4.909869,4.890641,4.78644,4.926948
Per-Sum-n-6 PUFA,4.887477,5.180745,4.910685,4.597591,4.117113,4.841772,4.853646,4.648005,4.539717,4.349578,4.87342,4.320629,4.976684,4.986866,5.015025,4.759742,4.233275,4.801831,4.91872,4.902845
Per--C161n7t-NEFA,0.43189035,1.37795663,-0.01887801,1.28569813,0.48233202,0.55777767,0.96864376,0.2773897,0.56657164,0.81147103,0.74588269,0.31150312,1.56559718,0.88283866,0.75872957,0.23511432,0.16864204,0.24245007,1.26062791,0.67626741
Per-C161n7t,-1.0086822,-0.4639471,-0.9105018,-0.2933589,-1.2515388,-1.1648844,-0.6966576,-1.0709665,-0.9050884,-0.7563309,-0.6393548,-1.2618807,-0.4560093,-0.5063527,-0.5563933,-0.6665763,-1.3883555,-0.7514652,-0.8442508,-0.7734915
Per--Sum-n-6 PUFA-NEFA,4.339708,4.055369,3.809723,4.032806,4.919292,4.186976,4.00872,3.570827,4.467019,4.325962,4.654607,4.55992,3.713366,4.314842,3.439889,4.641199,4.285106,4.642586,3.741359,3.501184
Per--C182n6-NEFA,4.172087,3.763518,3.39835,3.811471,4.659125,4.047364,3.813832,3.323082,4.322866,4.143312,4.532629,4.238787,3.457332,4.169845,2.604071,4.521553,4.093898,4.539159,3.59622,3.142413
11_12-DiHETrE-To,-2.14560532,-0.07248275,-1.65290133,-2.08926734,0.18903382,-2.33642766,-2.73696559,-1.7226103,-4.29619053,-1.93236128,-3,0.23878686,-2.04692105,-2.41888982,-0.18935125,-3.61175534,-1.51457317,-2.28630418,-1.89432192,-1.20091269
C161n7,7.312993,9.997737,7.589429,8.400883,9.858741,6.7278,7.136102,7.52865,6.268037,8.791086,8.240595,10.095607,7.383913,7.101246,9.765371,7.270705,7.963453,7.117765,7.995814,8.231325
Per-C203n6,-1.52699243,0.02431968,-0.58857375,-0.70134168,-1.48196851,-1.63039393,-0.60384051,-1.45798964,-1.54793177,-1.3075728,-0.39592868,-0.94619356,-0.43440282,-0.73696559,-0.30578839,-0.71311885,-1.54793177,-0.99711749,-0.89700601,-0.56490485
Per--C120-NEFA,0.690640579,1.136847604,0.015782997,0.788268083,0.014355293,0.668119125,1.113033665,1.015782997,0.379620962,0.786596362,0.39176772,-0.070966521,1.587364991,0.370722275,1.379620962,-0.002888279,0.51903861,0.3068455,1.207892852,1.09423607
Per--C203n6-NEFA,-3.1713684,-1.3291597,-1.1844246,-2.1078033,-0.1584294,-2.7759597,-3.6259343,-2.0954196,-1.8160372,-2.0892673,-1.5994621,-0.6506347,-1.0380063,-1.6529013,-1.8008774,-1.4073636,-1.0528949,-1.8943219,-2.2584252,-6.795859
Per-C182n6,4.581351,4.816292,4.572708,4.203123,3.667211,4.529196,4.507287,4.375178,4.228896,3.939509,4.54893,3.900239,4.600151,4.704761,4.653404,4.463819,3.896562,4.457529,4.64299,4.536053
C200,1.5906819,3.8256571,2.1200651,1.3618142,3.8298115,2.1810727,2.9527374,3.6982103,1.931191,4.4425704,1.3363017,4.1639652,0.9434506,1.6858677,2.8088256,2.0427997,3.3204175,2.5526135,3.1180294,3.1712126
1112-EpETE-To,1.23878686,2.929791,-0.39973025,1.02147973,1.6825733,0.23878686,-0.28454587,-0.24297675,-1.74661576,-0.68038207,1.077243,3.08406426,0.01435529,-0.19594644,0.63226822,0.83995959,0.65992456,-0.45600928,1.31034012,0.26303441
15-HEPE-To,1.4276062,4.0356239,0.8718436,1.0908534,2.295723,0.7311832,1.2078929,0.275007,-0.2498223,2.0840643,1.4382929,3.8176233,0.2986583,1.22033,2.2539893,0.9634741,2.7655347,0.4541759,2.1826923,1.4114262
PGF2a - Full-To,-0.45908961,0.56722898,-0.27793845,0.060566,0.22360576,-1.13248304,-0.4261753,0.19500649,0.38281754,0.1732288,-1.34341663,0.45392429,-0.30773575,0.05820083,0.25998097,-0.0261665,0.05694918,0.19791248,0.12813321,-1.28843982
Per--C181n7-NEFA,0.20664322,0.39725535,0.5360529,0.32768736,0.32998465,0.80570518,1.07107616,0.01149564,0.57821417,0.54596837,0.47300757,0.24245007,-0.03061924,0.67626741,0.23143241,0.85758296,0.60217179,1.07038933,0.71808758,0.66993384
Sum-n-3 PUFA,7.771172,10.698011,8.210424,8.290012,8.519313,7.418583,7.582733,7.77818,6.296777,7.758814,8.214307,10.315855,7.508873,8.25882,9.418824,7.247179,7.921426,7.227387,8.922293,8.227275
F2-isoPs-To,-0.45908961,0.46949938,-0.27793845,0.04336589,0.22360576,-1.2217235,-0.4261753,0.1655299,0.2680904,0.1732288,-1.34341663,0.45392429,-0.39784536,0.05820083,0.12924941,-0.11024761,0.05694918,0.10719121,0.05687454,-1.34809369
Total NEFA,12.94307,15.32676,13.09946,12.9563,14.0705,12.64833,12.75133,13.42438,11.50941,13.05356,12.88682,15.07399,12.49009,12.77654,14.86265,12.37492,13.04234,12.55762,13.80053,13.64353
"9c,11t-CLA",0.4691066,4.1276711,2.1458015,2.9454007,4.0235588,0.4667385,1.6098656,1.1334394,0.4923551,1.7194623,2.6465747,4.6078812,1.4999327,0.445747,3.9475308,-0.3286599,1.0987792,1.0163898,1.8424372,2.3050038
12-HETE-NE,0.50589093,1.40053793,1.64154603,0.38956681,2.69599381,0.07038933,2.17632277,2.28095631,0.79077204,0.41142625,-2.15200309,0.71369581,-0.22769203,-0.28103566,4.99095486,-0.71075571,-0.09234017,1.35614381,2.48800077,3.40599236
C140,6.482739,8.828083,6.654325,7.521052,9.535503,6.533267,7.01918,7.840087,6.299307,8.03428,7.114653,9.652879,6.23159,6.897156,8.52035,6.67762,7.855045,6.900497,7.997697,7.763589
C161n7-NEFA,1.4478271,1.1670945,2.9912357,1.1691787,3.4178134,0.7795166,1.3002713,1.7864211,1.9389353,0.9601604,1.719453,2.4885443,0.7776156,3.2084755,1.6692292,2.703404,1.4333592,2.2374829,1.29819,1.6641407
Per--C140-NEFA,1.0221902,1.7316177,1.7394161,1.3201958,0.8122928,1.3248106,1.5660845,1.8391534,1.1473067,1.3161457,1.2234225,1.0565835,1.7407117,1.5350576,2.1358632,1.1826923,1.3923174,1.0370307,1.7501777,1.8753869
C160,11.195038,13.338815,11.210199,11.103788,12.690679,10.778254,10.801356,11.460624,9.609825,11.4508,10.929463,13.485305,10.53684,10.934184,12.87453,10.471484,11.461937,10.646195,11.951234,11.680335
Per-C202n6,-2.573467,-2.09542,-2.09542,-2.343732,-2.954557,-2.358454,-1.85726,-1.630394,-1.573467,-2.210897,-2.343732,-2.652901,-2.152003,-1.994241,-2.473931,-2.017417,-2.590745,-1.746616,-1.943416,-2.224317
Sum-SFA,11.4616,13.61866,11.53119,11.41196,13.023,11.16055,11.27151,11.95913,10.07341,11.80508,11.24496,13.79861,10.84454,11.25912,13.14773,10.90043,11.86731,11.09114,12.31143,12.07172
Per--C183n3-NEFA,0.368489,1.2197106,0.9388503,1.0942361,1.4828483,0.9478531,1.1839628,0.8391534,1.1440464,1.2986583,1.1724875,0.767231,1.3890161,1.6168282,-0.1959464,1.0982848,0.7484612,1.2761989,0.981122,0.368489
Sum-MUFA,11.33764,13.62604,11.5634,11.59666,12.46034,11.09478,11.18163,12.0257,10.1249,11.57071,11.42462,13.60614,10.96244,11.05206,13.38564,10.86808,11.53671,11.02928,12.15393,12.13806
9-HEPE-NE,-4.268122,-1.771027,-3.265345,-3.8847,-2.531156,-2.717857,-2.490051,-3.642054,-3.620601,-2.988504,-3.723563,-2.09542,-2.85726,-3.654717,-1.826233,-3.617056,-3.865648,-5.912673,-2.878321,-3.464345
C204n3,0.9818662,4.7377259,2.0135033,2.0039749,2.0465801,0.5288838,1.3618625,1.6439983,0.8520703,1.5162918,2.0850772,4.5512139,1.0608904,1.7194694,3.6568772,1.3113451,2.1169159,1.1938879,2.1810652,2.3917257
C226n3 DHA,6.2693,8.827554,6.304272,6.943551,7.382515,5.869813,5.725655,5.457487,4.563587,6.609586,6.412192,8.622485,5.958319,7.303799,7.278402,5.514855,5.833316,5.454195,7.783325,6.007193
C181n9,11.136971,13.359334,11.34979,11.301953,12.086939,10.916187,10.958256,11.849712,9.903555,11.218089,11.134863,13.385652,10.704609,10.808191,13.152003,10.624189,11.308349,10.80438,11.943095,11.926646
1516-EpODE-NE,-2.5479318,1.9259994,1.722466,-4.824188,0.9781956,2.0391384,1.7527486,3.8777442,2.5008021,0.3561438,-0.7636605,1.9145645,3.7865964,-0.803393,0.5945485,0.3673711,1.8797058,2.7928554,2.3895668,3.0391384
Per--C226n3-NEFA,0.41899947,-0.24810786,0.77483976,0.57918015,0.16735793,-0.24810786,0.47612242,-0.02767496,0.04544297,-0.12343394,1.08746284,-0.61927055,1.2910141,0.56462205,1.60975496,0.29278175,-0.97143085,-0.82879317,0.13093087,0.65626753
Per--C226n3-NE,0.4189995,-0.2481079,0.7748398,0.5791801,0.1673579,-3.4266255,-3.0588937,-3.046921,-3.8783214,-2.2108968,1.0874628,-0.6192706,1.2910141,0.5646221,1.609755,-3.9657843,-3.3364277,-5.7178567,-2.1015981,-3.0232698
C201n9,3.447125,5.575769,4.145489,4.009807,4.632879,3.713389,4.212861,5.065904,2.736217,3.953874,3.544248,5.937683,3.328623,3.296407,5.318286,3.362759,4.12729,3.847031,4.808511,4.543301
Per--C170-NEFA,-0.9686048,-1.5063527,-2.1584294,-1.2933589,-1.4266255,-1.0350469,-1.2827897,-1.2757863,-1.3510744,-0.9913697,-1.6038405,-1.5187011,-0.1408255,-1.5994621,-0.8756719,-1.5228408,-1.2968993,-1.9657843,-0.6896599,-0.8756719
C180,8.360921,10.608585,8.664347,8.159769,9.703814,8.608851,8.982883,9.731186,7.571733,8.764515,8.211016,10.842598,7.925886,8.351115,10.066205,8.461943,9.301716,8.710156,9.594422,9.507192
5-HEPE-To,1.9671686,4.7441611,1.4276062,2.1043367,3.3074285,1.2986583,1.5945485,1.3334237,0.2630344,1.8318772,2.3305584,5.1168638,1.0635029,1.6825733,2.707083,1.7268312,3.1043367,0.8399596,2.7527486,2.0738202
12-HEPE-To,0.7484612,3.560715,-0.227692,0.6507646,1.8797058,0.1110313,0.790772,0.4005379,-0.2429768,0.2509616,1.077243,3.7333543,-0.4054515,0.5160151,2.65306,0.8797058,1.4646683,-0.3183259,2.1110313,1.6135317
9-HpODE  Per--To,-0.1392358,2.25701062,-0.99136969,0.82374936,1.24488706,-2.66200354,-0.88896869,-0.07704104,-2.68965988,-1.79585928,-1.87832144,2.64846544,-1.08926734,-1.50225991,2.9981955,-1.12343394,-1.9770996,-1.46992926,0.79077204,-0.59509688
19_20-DiHDoPE-To,-4.377819,-2.237864,-4.056491,-2.671164,-2.403542,-4.282088,-13.708807,-3.224317,-4.917025,-2.888969,-6.792657,-1.671164,-3.762192,-2.573467,-4.411195,-4.86986,-2.58208,-4.791857,-2.652901,-4.205563
13-HpODE  Per--To,-1.7809089,0.4436067,-2.9657843,-0.9714308,-0.488026,-4.6510877,-2.9657843,-1.6438562,-4.2297206,-3.4359633,-3.6601785,0.9634741,-2.7369656,-3.1976,1.117695,-2.9657843,-3.6638309,-2.8365013,-0.8756719,-2.1078033
Per--Sum-n-3 PUFA-NEFA,1.533563,1.797013,2.211324,1.948601,2.206956,1.544485,1.948975,1.616828,1.8024,1.938474,2.326825,1.519542,2.481041,2.394788,2.052764,1.884793,1.352194,1.665393,1.826193,1.719403
1213-EpODE-NE,-3.25153877,-13.70880676,-1.47794425,-13.70880676,-4.58035324,-0.93787829,-1.67576544,0.57531233,0.56559718,-1.25497785,-5.82010677,-13.70880676,0.36737107,-1.51870106,-2.32915966,0.0976108,-0.43635373,-1.53533173,-1.23786383,-0.07704104
12-HEPE-NE,-2.5395195,-1.2209504,-2.2515388,-1.8365013,-0.1568201,-1.5606428,0.4854268,-0.7833899,-1.2310747,-1.9714308,-5.5063526,0.275007,-1.6082323,-1.4383073,2.2690331,-2.2378638,-0.2863042,-1.3883555,0.6040713,0.9781956
C226n3/C225n3,1.0672352,0.6522072,1.0506885,1.5565578,2.1701607,1.1514251,0.9503795,1.0625813,1.0027353,2.1128068,0.9494531,1.3474701,1.3527113,2.381965,0.2369525,1.4083263,1.4502831,1.4758438,2.2517441,0.525113
C205n3 EPA,4.165489,7.592651,4.422435,4.63702,5.620706,3.790318,4.477227,3.846541,2.155124,4.544142,5.180113,8.263288,3.893747,4.550281,6.308675,4.557819,5.878947,3.64717,5.316454,4.948832
12-HpETE  Per--To,-4.3104324,-2.4344028,-4.9976935,-2.9657843,-2.0954196,-6.0685438,-5.374823,-4.3838305,-8.0171821,-5.7178567,-7.0782586,-0.8624965,-4.7216583,-6.8664888,-0.7883647,-5.1739702,-6.1278409,-5.6583557,-3.6748439,-4.7254699
Per-C204n3,-5.321928,-3.943416,-4.442222,-4.321928,-5.380822,-5.506353,-4.756331,-5.158429,-4.011588,-4.878321,-4.158429,-3.878321,-4.795859,-4.411195,-4.573467,-4.411195,-4.293359,-4.717857,-4.965784,-4.608232
15-HpETE  Per--To,-1.78090894,0.01435529,-2.72737954,-0.69432126,0.27500705,-4.48681247,-2.78587519,-2.44222233,-4.41426826,-3.45482236,-4.62593427,1.57046293,-2.1265805,-4.38383053,1.67807191,-3.23786383,-3.88896868,-3.43440282,-1.48196851,-2.02326978
14_15-DiHETE-To,-1.16165326,0.422233,0.31034012,-0.98564471,0.65992456,-1.19759996,-0.58207999,-1.68965988,-2.10159814,-0.60384051,-1.75146516,2.50842865,-1.04394335,-1.27229733,-0.02034045,-1.07400058,-0.11716134,-0.03652588,-1.07096652,-0.10314693
Per-C180,2.061776,1.92562,2.208829,1.847195,2.277092,2.604309,2.875387,2.950655,2.706199,2.354734,1.967906,2.412511,2.079634,2.218471,1.847596,2.730966,2.903231,2.79639,2.43776,2.507414
Per--C205n3-NEFA,-1.9434165,-4.9213901,-1.1109159,-2.9434165,-1.4227525,-4.2378638,-3.6803821,-2.5063527,-2.4900509,-2.0588937,-0.7466158,-1.6214884,-1.8624965,-0.8836352,-2.7759597,-1.9323613,-1.9213902,-2.5734669,-2.0350469,-1.7226103
" Per--9c,11t-CLA-NEFA",-3.473931,-3.395929,-5.011588,-2.72738,-3.965784,-2.652901,-2.625934,-4.293359,-3.680382,-3.307573,-4.265345,-4.132894,-2.314733,-2.617056,-2.473931,-3.92139,-3.736966,-3.795859,-2.652901,-3.988504
"9c,11t-CLA-NEFA",-3.349978,-4.219518,-3.613198,-3.349357,-1.887265,-2.722143,-2.993041,-4.361823,-3.252711,-3.411617,-3.938657,-3.102153,-2.68603,-1.936472,-2.812039,-2.493724,-3.282738,-2.601491,-2.95132,-4.210721
Per-C226n3 DHA,-0.03061924,0.14404637,-0.15200309,0.63133714,-0.04394335,-0.13447704,-0.38270152,-1.32192809,-0.30222618,0.2003788,0.16864204,0.1928254,0.11236652,1.17120683,-0.94064472,-0.21591486,-0.56490485,-0.45997273,0.62667275,-0.99136969
C161n7/C160-NEFA,-3.184131,-1.885358,-3.319012,-2.196704,-3.075808,-3.330761,-2.158121,-2.876864,-2.423576,-2.920105,-2.63692,-3.136275,-3.166023,-1.184027,-2.625183,-2.879728,-3.369496,-2.421087,-2.525169,-2.670804
Per--C161n7-NEFA,1.3294107,1.9836777,1.6144743,1.7895206,1.3419857,0.8447874,1.6649379,1.8415706,1.5134907,1.0710762,1.3895668,1.4646683,1.1505597,2.5303205,2.0071955,1.2839218,0.9701174,1.051024,1.5993178,1.8761731
Per--C181n9-NEFA,4.635116,4.455031,4.664312,4.474306,4.673048,4.919483,4.969519,4.683191,4.981944,4.861658,4.778997,4.70299,4.500483,5.169484,4.01078,4.999549,4.838095,5.328226,4.825735,4.53512
Per-Sum-n-3 PUFA,0.7865964,1.2387869,0.77989,1.3419857,0.5945485,0.6789733,0.6276068,-0.3529158,0.5665716,0.803227,1.2326608,1.3533233,0.899949,1.6313371,0.3561438,0.7941039,0.75446,0.3253864,1.1309309,0.2904244
Per--Sum-MUFA-NEFA,4.900384,4.897482,4.947479,4.876713,4.940214,5.140779,5.269071,4.976959,5.226162,5.103917,5.050545,4.964814,4.847746,5.498506,4.523876,5.225468,5.053285,5.508714,5.1469,4.909005
Per-C205n3 EPA,-2.1328943,-1.0892673,-2.0350469,-1.6757654,-1.8059129,-2.2108968,-1.6303939,-2.9323613,-2.7083964,-1.8677522,-1.0619024,-0.1665027,-1.954557,-1.58208,-1.9105018,-1.1746214,-0.5187011,-2.2653446,-1.841663,-2.0528949
C180/C160,-2.834117,-2.73023,-2.545852,-2.94402,-2.986864,-2.169403,-1.818473,-1.729438,-2.038093,-2.686285,-2.718447,-2.642707,-2.610954,-2.583069,-2.808325,-2.009541,-2.160221,-1.93604,-2.356812,-2.173142