Metabolite,PP-F D229,PP-F D360,PP-F D384,PP-F D391,PP-F D75,PP-F D274,PP-F D34,PP-F D356,PP-F D368,PP-F D370,PP/F D229,PP/F D360,PP/F D384,PP/F D391,PP/F D75,PP/F D274,PP/F D34,PP/F D356,PP/F D368,PP/F D370
C18:0/C16:0,0.01,0.02,0.0,0.01,-0.01,0.01,-0.02,0.01,0.01,0.02,1.03703703704,1.06896551724,1.0,1.04,0.96,1.04347826087,0.916666666667,1.04,1.04761904762,1.09090909091
%C20:4n6 (AA),0.000500000000001,-0.7305,-1.5874,-2.0888,-0.8026,-1.0839,-2.789,-1.9058,-1.4757,-1.0948,1.00004609569,0.923691632717,0.837106208312,0.775927912465,0.924454066265,0.84025055269,0.555325255102,0.808057206164,0.813791798107,0.869136983027
%C19:0,0.0006,-0.0003,-0.0026,-0.0003,-0.0053,0.002,0.0,-0.0044,0.0002,-0.0015,1.03157894737,0.988,0.881818181818,0.982352941176,0.810714285714,1.16666666667,1.0,0.8,1.01333333333,0.9
12_13-DiHOME-NE,3.29,0.54,6.47,8.35,6.79,0.67,12.72,5.38,6.94,4.89,1.81234567901,1.07659574468,2.56658595642,4.03636363636,3.12852664577,1.12115732369,6.57894736842,3.03018867925,6.78333333333,2.90272373541
C18:0,139.14,110.71,270.59,262.49,107.96,367.17,1370.76,401.42,321.97,376.97,1.207854678,1.19343397281,1.45507904474,1.39152484227,1.16226046442,1.31543814433,2.03004253145,1.63521853341,1.47127446245,1.45161792718
%C16:1n7t,0.0036,0.056,0.0526,0.0446,-0.0013,0.0565,0.0177,-0.0304,0.0398,-0.0063,1.01353383459,1.1717791411,1.21557377049,1.14113924051,0.995517241379,1.16520467836,1.05331325301,0.934763948498,1.10613333333,0.988829787234
5-HEPE-NE,0.07,-0.4,-0.08,-0.21,0.06,-0.69,1.03,-0.27,0.0,-0.27,1.125,0.375,0.783783783784,0.852112676056,1.06741573034,0.443548387097,1.45374449339,0.608695652174,1.0,0.754545454545
PGF2a-NE,1.84,-0.33,0.29,0.28,0.73,3.62,-7.54,-0.28,4.46,-0.48,1.79310344828,0.802395209581,1.31182795699,1.27450980392,1.71568627451,1.51862464183,0.267961165049,0.849462365591,2.68939393939,0.596638655462
15-KETE-To,-0.6,6.09,-0.23,-3.34,3.3,0.0,1.93,-0.2,-3.82,0.4,0.946428571429,1.95007800312,0.970052083333,0.655670103093,1.39759036145,1.0,1.21278941566,0.981818181818,0.676271186441,1.03100775194
16(17)-EpDPE-To,-3.0,4.9,-4.1,-1.51,1.3,12.0,-3.7,7.72,-7.8,0.7,0.819277108434,1.46666666667,0.724832214765,0.861467889908,1.11111111111,1.78947368421,0.829493087558,1.99228791774,0.665236051502,1.0593220339
9(10)-EpODE-To,-5.2,4.6,1.4,1.5,2.68,18.2,10.6,10.3,3.3,10.1,0.707865168539,1.28395061728,1.07,1.11627906977,1.27291242363,1.86666666667,1.32919254658,1.85833333333,1.16417910448,1.38846153846
C16:1n7,-6.51,12.42,22.38,49.31,123.67,94.72,533.17,68.12,35.58,85.11,0.95750097924,1.10286566175,1.22436090226,1.21255226518,1.63603168072,1.18220640569,2.06073929651,1.31385919646,1.17321454652,1.21140614521
Total NEFA,1857.56,788.76,3126.72,3195.61,2096.71,4506.63,20886.49,5420.12,4400.44,4808.73,1.16452255458,1.08765129728,1.36520831119,1.2769939541,1.21566364572,1.18176102049,2.06998652174,1.48627557937,1.31574611958,1.29433407232
14_15-DiHETE-To,-0.4,0.84,-0.2,0.42,-0.15,0.19,1.33,-0.01,-0.05,-0.06,0.550561797753,2.68,0.6875,2.27272727273,0.872881355932,1.14179104478,1.55416666667,0.991525423729,0.940476190476,0.941747572816
C18:1n9/C18:0,-0.11,0.03,0.33,0.26,0.44,0.23,1.08,0.19,0.23,-0.11,0.961130742049,1.01176470588,1.1375,1.08024691358,1.19642857143,1.06388888889,1.33540372671,1.05792682927,1.06804733728,0.975225225225
C22:6n3 (DHA),23.31,-7.97,10.01,-3.7,29.14,4.32,48.09,30.75,5.29,14.72,1.11842105263,0.945914766558,1.0743850784,0.985683884697,1.14862797103,1.01048696412,1.13449867151,1.16823503666,1.01440161167,1.10453060645
C14:0,10.23,26.94,63.8,80.32,22.01,78.58,532.22,88.21,85.12,95.08,1.15418236624,1.39605998236,2.26211671612,1.75773584906,1.15922737467,1.39151013901,2.7120890433,2.0321787971,1.7025420931,1.57384271833
C22:5n3 (DPA),8.65,-17.04,8.12,1.98,6.73,18.99,15.36,10.63,4.48,13.21,1.15859919325,0.736386138614,1.23002832861,1.04149203688,1.20107559008,1.18189655172,1.11761102603,1.20163125948,1.07341855129,1.15803325757
15(16)-EpODE-To,3.4,35.7,37.5,29.1,10.6,79.8,138.2,40.4,17.6,69.3,1.14977973568,2.67605633803,2.42585551331,3.13970588235,1.9298245614,3.0890052356,4.5618556701,3.16042780749,1.59661016949,2.99711815562
_ (n-3) PUFA,48.24,-35.32,48.49,41.38,61.64,82.02,331.98,117.43,68.72,98.97,1.1259957688,0.908523477765,1.17103453141,1.08791162099,1.17667459658,1.08179587929,1.31226954624,1.30090196279,1.10879959469,1.22453378102
_ MUFA,329.38,350.16,1038.58,1225.29,752.81,1898.21,8318.45,1701.42,1463.76,1737.29,1.14916694216,1.20223161688,1.62361446362,1.47109687689,1.40905805961,1.37315360511,2.63376594299,1.68295835424,1.52978924395,1.39129475095
C15:0,3.28,2.68,5.86,10.51,3.04,8.4,34.56,1.52,11.22,10.33,1.13993174061,1.18144888287,1.31353665062,1.46076282332,1.13712223726,1.21694214876,2.22379603399,1.05688622754,1.39396067416,1.33780248528
C18:1n9,307.01,304.6,936.81,1091.91,583.64,1671.79,7338.02,1507.66,1319.72,1537.88,1.16213632739,1.20883897596,1.65777980621,1.5027950711,1.39105119632,1.39910190791,2.7140661425,1.72713680779,1.57162657935,1.41469169392
C17:0,4.38,2.36,7.79,11.13,4.02,14.91,42.72,10.89,14.03,14.91,1.14590273151,1.09577922078,1.27545968883,1.46569037657,1.16784968685,1.36215691037,2.22582496413,1.39088298636,1.41398642667,1.45568459658
_ SFA,600.61,382.36,1122.53,1322.19,675.99,1759.38,8766.79,1934.05,1690.83,1763.63,1.18311727115,1.14262427776,1.44493285558,1.37527886422,1.19266109955,1.2678246044,2.20899896294,1.58463012672,1.40872205315,1.35606589812
C18:3n3,6.58,-5.31,27.96,40.59,16.49,41.35,198.62,58.03,49.8,54.09,1.1201387621,0.93941122775,1.45768538222,1.57233502538,1.4089781746,1.23187349296,2.01455789958,1.69755980286,1.5174025974,1.41700716984
C18:1n7,19.5,22.1,55.5,57.79,33.65,92.04,330.26,94.4,74.08,75.54,1.16141047926,1.19899153611,1.50735899077,1.40387168915,1.28901485871,1.34106573779,2.53274237713,1.70865550634,1.40086580087,1.34414578588
C16:0,442.39,237.58,768.48,911.07,539.1,1286.04,6758.3,1430.07,1254.72,1261.79,1.17822783382,1.11934975033,1.4210664738,1.33862101519,1.20354610465,1.25169438285,2.22145972236,1.56636211342,1.38467811659,1.32551150186
C16:1n7t,5.37,8.04,13.8,16.63,5.92,31.99,76.45,20.19,23.8,25.73,1.17858330562,1.27393526405,1.66123622425,1.45574129899,1.20992907801,1.37737407102,2.17851086789,1.38856812933,1.45541523153,1.2790369808
12-HpETE %-To,0.076,0.542,-0.216,-0.3082,-0.0902,0.509,0.132,0.629,-0.656,0.35,1.44705882353,7.02222222222,0.485714285714,0.143888888889,0.398666666667,3.21304347826,1.24,3.7347826087,0.237209302326,1.875
C20:2n6,3.17,1.19,10.58,10.85,4.23,12.47,31.62,14.56,9.42,11.67,1.20937912814,1.06233630173,1.67004433186,1.63936358279,1.25059241706,1.31300200803,1.93356953056,1.70542635659,1.36286594761,1.4410430839
15-HpETE %-To,0.23,2.59,-0.75,-1.34,-0.55,1.93,1.07,2.45,-3.07,1.59,1.2987012987,6.28571428571,0.545454545455,0.124183006536,0.352941176471,2.8380952381,1.43673469388,2.88461538462,0.238213399504,1.76076555024
13-HpODE %-To,0.15,1.34,-0.31,-0.64,-0.16,1.57,0.84,1.02,-2.12,0.6,1.30612244898,5.46666666667,0.655555555556,0.228915662651,0.567567567568,2.27642276423,1.54193548387,2.5,0.263888888889,1.47619047619
9-HpODE %-To,0.32,4.81,-1.28,-2.07,-0.63,6.75,3.08,2.73,-6.76,3.09,1.18285714286,5.4128440367,0.583061889251,0.241758241758,0.565517241379,2.66666666667,1.5141903172,1.94791666667,0.266015200869,1.72535211268
%C17:0,-0.0044,0.0018,-0.0214,0.0308,-0.0093,0.0254,0.013,-0.0161,0.0183,0.0252,0.983458646617,1.00656934307,0.935151515152,1.14879227053,0.962195121951,1.15301204819,1.07262569832,0.9356,1.07530864198,1.126
6-keto PGF1a-To,-0.11,-0.04,-0.08,-0.02,0.1,-0.09,-0.2,-0.02,0.01,0.03,0.694444444444,0.878787878788,0.724137931034,0.939393939394,1.38461538462,0.756756756757,0.0,0.925925925926,1.03571428571,1.125
12(13)-EpOME-NE,10.13,2.61,23.27,15.31,6.22,3.35,17.11,10.71,10.2,5.83,4.65703971119,1.45391304348,6.77419354839,5.65349544073,3.10847457627,1.654296875,10.5586592179,4.83870967742,6.36842105263,2.52219321149
%C18:0,0.2206,0.6188,0.4572,0.5215,-0.301,0.5307,-0.1311,0.5677,0.5796,0.621,1.0372069489,1.09729559748,1.06583153348,1.08974358974,0.95601987142,1.11303514377,0.980768666569,1.10012345679,1.1182374541,1.12155020552
C18:0-NEFA,-22.88,-13.64,-16.73,16.85,-22.55,14.28,-7.5,4.24,12.93,36.08,0.464419475655,0.707233311869,0.72946313066,1.70828079025,0.558535630384,1.34310427679,0.783111625217,1.09835305034,1.39956736712,3.30248883216
_ (n-6)/_ (n-3) ,0.45,1.35,0.66,0.34,-0.25,-0.21,1.12,0.35,0.69,-0.47,1.03177966102,1.12408088235,1.04576976422,1.03238095238,0.978317432784,0.982644628099,1.1947826087,1.02755905512,1.06804733728,0.968157181572
15(16)-EpODE-NE,5.61,1.85,11.92,14.51,4.67,4.64,18.01,8.48,11.28,8.12,3.95263157895,1.40130151844,5.44776119403,17.3033707865,4.56488549618,3.53551912568,17.5229357798,7.52307692308,19.1935483871,4.27419354839
9_10-DiHOME-NE,2.96,2.8,7.56,7.79,8.65,2.51,9.64,2.3,6.58,3.11,1.65054945055,1.37837837838,2.59493670886,3.15789473684,2.53097345133,1.43576388889,4.25675675676,1.3309352518,3.60079051383,1.88101983003
%_ (n-6) PUFA,-0.1155,-2.9582,-4.8822,-5.03,-2.1507,-4.8759,-7.6361,-4.3744,-4.5036,-3.2576,0.997618065581,0.9379181532,0.899294554455,0.884234752589,0.948560153073,0.901814337495,0.763807609032,0.903242645432,0.903459807074,0.919763546798
C20:0-NEFA,-0.12,-0.07,0.11,0.19,-0.13,0.22,0.05,0.15,0.35,0.28,0.666666666667,0.844444444444,1.23913043478,1.79166666667,0.734693877551,1.66666666667,1.16666666667,1.40540540541,2.0,2.03703703704
15_16-DiHODE-NE,11.5,5.9,20.2,25.52,11.0,7.4,22.54,15.5,17.88,9.36,1.8041958042,1.27064220183,2.78761061947,5.06369426752,2.22222222222,1.44578313253,3.63317757009,2.37168141593,4.63414634146,2.10900473934
%C22:4n6,0.0278,-0.0304,-0.0426,-0.0007,-0.0111,-0.0088,-0.0549,0.0117,-0.0039,-0.0053,1.14631578947,0.842487046632,0.799056603774,0.996195652174,0.926490066225,0.921428571429,0.667272727273,1.06464088398,0.9675,0.978189300412
_ SFA-NEFA,-146.42,-129.08,-85.34,56.44,-65.26,56.19,-57.13,-1.58,38.95,165.78,0.366119745444,0.493585468241,0.720031493996,1.58366080662,0.634254329429,1.31020205366,0.67679339217,0.990315660435,1.22126910186,3.40784313725
C16:0-NEFA,-108.68,-101.23,-62.78,35.65,-39.56,35.64,-42.65,-4.45,22.58,115.89,0.331282303716,0.439106826241,0.706264913676,1.57168056446,0.645868767344,1.29079634465,0.647491528225,0.956205097923,1.18639590556,3.69073601114
C18:3n3-NEFA,-6.41,-9.86,-1.79,1.54,-4.89,2.7,-1.41,-3.56,2.92,5.6,0.297149122807,0.330163043478,0.843804537522,1.41066666667,0.514399205561,1.35952063915,0.813738441215,0.629552549428,1.40499306519,5.86956521739
C20:5n3-NEFA,-0.25,-0.83,-0.71,-0.2,-0.65,-0.29,-0.53,-0.05,-0.35,0.38,0.596774193548,0.585,0.766447368421,0.607843137255,0.429824561404,0.776923076923,0.480392156863,0.888888888889,0.681818181818,1.57575757576
C20:4n6/C20:3n6,-0.15,0.34,0.16,-0.03,-0.18,-0.1,-0.23,-0.04,-0.04,0.03,0.988540870894,1.06028368794,1.02285714286,0.995670995671,0.982,0.979423868313,0.960750853242,0.994798439532,0.994350282486,1.00444444444
C18:1n7-NEFA,-7.96,-10.46,-2.23,2.04,-2.59,2.03,-1.18,-1.25,1.73,7.72,0.2770208901,0.336715282181,0.784123910939,1.544,0.648097826087,1.25959079284,0.825443786982,0.842964824121,1.22409326425,4.62441314554
Total NEFA-NEFA,-426.01,-441.29,-149.94,113.04,-181.33,141.74,-135.24,-47.86,129.3,420.67,0.330551888868,0.428099323501,0.779315014056,1.43020246613,0.620457970529,1.28772100765,0.727168189796,0.893181564558,1.27851973117,3.76538259269
C18:1n9-NEFA,-164.19,-163.6,-37.63,29.67,-57.24,48.2,-34.89,-24.03,43.28,144.53,0.237814501903,0.358280379697,0.806020928914,1.4014341767,0.587399985584,1.36026608865,0.752184103985,0.831781589079,1.29916361374,6.34109386548
%C20:0,0.0013,0.0155,0.0188,0.0154,-0.0056,0.0071,0.0295,0.004,0.0054,0.0119,1.04642857143,1.31632653061,1.5875,1.41621621622,0.888,1.25357142857,1.75641025641,1.10256410256,1.216,1.34
_ MUFA-NEFA,-193.25,-203.56,-46.04,31.09,-65.04,53.26,-43.76,-33.41,41.98,171.29,0.237070667193,0.34611801741,0.797385908551,1.35764408144,0.589160507864,1.34665451705,0.737539734901,0.799387534526,1.24131984364,5.96492753623
_ (n-3) PUFA-NEFA,-9.22,-15.3,-8.8,0.63,-9.28,-1.3,-3.7,-5.34,2.37,10.21,0.428394296342,0.430591737998,0.688715953307,1.0665961945,0.508994708995,0.946743138058,0.74143955276,0.657252888318,1.13550600343,2.58540372671
C20:2n6-NEFA,-0.85,-0.83,-0.05,0.51,-0.47,0.63,-0.3,0.41,1.05,1.11,0.401408450704,0.551351351351,0.962686567164,1.64556962025,0.666666666667,1.38414634146,0.777777777778,1.37272727273,2.0824742268,2.91379310345
C22:5n3-NEFA,-1.09,-1.57,-1.76,-0.14,-0.85,-0.64,-0.54,-0.4,0.06,0.76,0.327160493827,0.337552742616,0.465045592705,0.820512820513,0.421768707483,0.739837398374,0.668711656442,0.550561797753,1.03636363636,2.28813559322
%C15:0,-0.0048,0.0142,-0.0079,0.0282,-0.0147,0.0048,0.0104,-0.0695,0.0125,0.0064,0.976923076923,1.08658536585,0.96376146789,1.14242424242,0.935526315789,1.03076923077,1.07172413793,0.710416666667,1.0612745098,1.03422459893
11_12-DiHETrE-NE,-0.52,-0.39,-0.05,-0.32,0.51,0.06,-0.01,0.21,0.0,-0.36,0.555555555556,0.576086956522,0.941176470588,0.604938271605,1.96226415094,1.12,0.982456140351,1.33870967742,1.0,0.678571428571
9-HOTE-NE,0.62,0.93,2.25,2.3,0.98,0.95,3.41,2.68,1.87,0.58,1.47328244275,1.7380952381,2.41509433962,2.74242424242,2.50769230769,1.65068493151,4.15740740741,3.17886178862,3.14942528736,1.36942675159
C17:0-NEFA,-1.57,-0.7,-0.74,0.57,-0.74,0.35,-0.48,-0.64,0.26,1.6,0.420664206642,0.660194174757,0.691666666667,1.52293577982,0.647619047619,1.15625,0.717647058824,0.733333333333,1.14130434783,2.81818181818
19_20-DiHDoPE-NE,-0.63,-0.22,-0.24,-0.28,0.4,0.13,0.26,0.47,0.31,-0.01,0.748,0.879120879121,0.846153846154,0.826086956522,1.19138755981,1.1,1.25742574257,1.35074626866,1.12653061224,0.988235294118
C18:2n6-NEFA,-70.78,-91.22,-6.79,23.45,-35.91,29.88,-26.77,-7.17,41.84,65.11,0.324166905376,0.375547645126,0.918438438438,1.55215446197,0.597240915209,1.29663456766,0.730548565677,0.904730268403,1.64657703601,5.02161828289
%C20:3n6,0.0103,-0.2169,-0.2529,-0.2973,-0.0617,-0.1975,-0.4502,-0.2416,-0.204,-0.167,1.01243961353,0.872110849057,0.818318965517,0.77912332838,0.941902071563,0.858422939068,0.578858746492,0.812858249419,0.817857142857,0.865213882163
%C21:0,-0.0013,-0.0013,0.0091,0.2679,0.0023,-0.0012,-0.0016,-0.0028,-0.0003,-0.0017,0.74,0.87,inf,25.3545454545,1.575,0.76,0.6,0.533333333333,0.9,0.66
%C18:2n6,-0.1413,-1.7753,-2.9937,-2.8203,-1.425,-3.5604,-4.1475,-2.2688,-2.9036,-2.0086,0.996041684175,0.948101265823,0.916579819991,0.910158639144,0.950890857084,0.910612337124,0.820640892579,0.929597219636,0.920055066079,0.930840477912
C16:1n7t-NEFA,-2.43,-1.88,0.06,0.13,-0.77,0.82,-0.09,0.03,0.73,1.25,0.360526315789,0.536945812808,1.0192926045,1.0625,0.700389105058,1.24624624625,0.967032967033,1.0134529148,1.22741433022,1.96153846154
%-C18:3n3-NEFA,-0.144,-0.436,0.139,-0.021,-0.361,0.086,0.18,-0.632,0.153,0.421,0.899511514306,0.771488469602,1.08239478364,0.985294117647,0.828747628083,1.05643044619,1.11780104712,0.705223880597,1.09851899549,1.55540897098
_ (n-6) PUFA-NEFA,-76.12,-99.79,-10.57,23.73,-42.07,29.62,-31.54,-8.91,44.46,70.54,0.362211981567,0.397548901232,0.895086848635,1.43302919708,0.605124835742,1.25071948536,0.738604342781,0.899116847826,1.55381165919,3.61162532395
C16:1n7-NEFA,-18.68,-27.61,-6.24,-0.75,-4.44,2.21,-7.6,-8.16,-3.75,17.77,0.190641247834,0.244389709907,0.684848484848,0.895688456189,0.539419087137,1.25402298851,0.537993920973,0.395555555556,0.795751633987,5.42039800995
9_10-e-DiHO-NE,2.55,2.52,7.94,-2.6,3.19,2.37,3.8,-5.1,7.09,1.91,1.44117647059,1.36681222707,1.86681222707,0.836477987421,1.51121794872,1.32825484765,1.62397372742,0.683229813665,2.28675136116,1.27130681818
6-keto PGF1a-NE,-0.08,-0.17,-0.13,0.05,0.08,-0.25,0.2,0.18,-0.17,0.17,0.822222222222,0.622222222222,0.729166666667,1.10869565217,1.21621621622,0.375,1.66666666667,1.42857142857,0.673076923077,1.40476190476
%-C18:1n9-NEFA,-9.495,-5.39,0.979,-0.566,-1.548,1.529,0.978,-2.192,0.504,12.168,0.719506070722,0.83686440678,1.03428831605,0.979878417292,0.946692379214,1.0562980964,1.03443419478,0.931248627795,1.0161735447,1.68397976391
%C20:1n9,0.0176,0.0201,0.0512,0.0326,0.0344,0.0116,0.0275,0.021,0.0377,0.0383,1.18924731183,1.1534351145,1.39083969466,1.21307189542,1.38222222222,1.12210526316,1.19503546099,1.15,1.44880952381,1.36826923077
%-C18:1n7-NEFA,-0.282,-0.438,0.01,0.114,0.069,-0.034,0.185,-0.099,-0.071,0.32,0.837088388215,0.785714285714,1.00657894737,1.07994389902,1.0447761194,0.978575929427,1.13573000734,0.944256756757,0.957331730769,1.22873481058
9-HETE-To,-10.7,-10.9,4.5,-1.3,8.1,-5.7,-8.4,-23.5,13.4,-3.7,0.786852589641,0.674626865672,1.19230769231,0.956228956229,1.24179104478,0.86524822695,0.65991902834,0.332386363636,1.66009852217,0.925403225806
C14:0-NEFA,-9.86,-9.18,-4.46,2.41,-1.59,4.25,-4.64,-0.13,2.31,9.19,0.343104596935,0.429104477612,0.766002098636,1.46168582375,0.788563829787,1.47914317926,0.619047619048,0.985619469027,1.17381489842,2.94703389831
C22:5n3/C20:5n3,0.02,-0.18,0.11,0.04,0.03,0.07,-0.03,0.01,0.03,0.1,1.02631578947,0.78313253012,1.12941176471,1.07142857143,1.06666666667,1.19444444444,0.921052631579,1.0119047619,1.05,1.09090909091
C18:3n6-NEFA,-0.26,-0.76,-0.53,0.31,-0.79,0.22,-0.18,0.08,0.22,0.56,0.518518518519,0.424242424242,0.660256410256,1.72093023256,0.443661971831,1.36666666667,0.854838709677,1.14814814815,1.22916666667,2.21739130435
%-_ MUFA-NEFA,-11.253,-7.732,0.78,-1.676,-1.677,1.425,0.475,-3.902,-1.088,13.247,0.717261306533,0.808376703841,1.02332535885,0.949334945586,0.949396499698,1.04568772042,1.01412009512,0.895022867904,0.970963437417,1.58408289242
9(10)-EpOME-NE,1.38,0.12,4.25,3.95,2.23,-1.69,4.96,2.73,2.7,1.42,1.67317073171,1.06451612903,2.17728531856,2.54296875,3.32291666667,0.614155251142,4.75757575758,3.39473684211,2.34328358209,1.51263537906
%-C18:0-NEFA,2.719,3.936,-0.582,1.763,-1.065,0.364,0.536,2.211,0.659,-1.267,1.40497467977,1.65187148062,0.936050983408,1.19476358816,0.90038350014,1.04308202154,1.07683486239,1.22980979108,1.09453450007,0.877014172005
13-HOTE-NE,-0.37,1.13,3.85,1.9,-0.69,1.15,2.79,0.56,1.62,-2.13,0.862453531599,1.46887966805,2.07242339833,1.625,0.786377708978,1.46,2.35436893204,1.14285714286,1.99386503067,0.635273972603
5_6-DiHETrE-NE,0.35,-0.32,-0.18,-0.85,0.27,-0.06,-0.2,-0.44,0.14,-0.14,1.38461538462,0.573333333333,0.8125,0.776315789474,1.21774193548,0.85,0.784946236559,0.698630136986,1.0979020979,0.931034482759
10-Nitrooleate-NE,0.31,-0.96,0.02,-0.53,1.53,0.12,-1.23,0.48,2.75,-0.55,1.18343195266,0.756962025316,1.00290275762,0.77731092437,1.85474860335,1.13636363636,0.430555555556,1.2774566474,1.53398058252,0.604316546763
%C22:0,-0.0025,-0.0023,0.008,0.0166,-0.011,-0.0031,0.0055,-0.0176,0.0011,-0.0052,0.895833333333,0.930303030303,1.61538461538,1.97647058824,0.56,0.80625,1.34375,0.466666666667,1.06470588235,0.792
C22:6n3-NEFA,-1.47,-3.04,-4.52,-0.58,-2.88,-3.06,-1.21,-1.32,-0.25,3.46,0.691823899371,0.609254498715,0.568290353391,0.868778280543,0.536231884058,0.766945925362,0.704156479218,0.714902807775,0.966799468792,1.85643564356
14_15-DiHETrE-NE,-0.48,-0.17,-0.13,-0.13,0.35,0.07,-0.11,0.3,-0.05,-0.28,0.622047244094,0.795180722892,0.852272727273,0.808823529412,1.45454545455,1.12727272727,0.845070422535,1.44776119403,0.942528735632,0.768595041322
15-HETE-To,-26.0,-14.0,12.7,-6.4,57.8,-33.1,-37.0,-79.6,39.7,-3.0,0.831168831169,0.83908045977,1.16472114137,0.938461538462,1.62689804772,0.751127819549,0.580498866213,0.319658119658,1.62717219589,0.979865771812
C18:0/C16:0-NEFA,0.11,0.16,0.01,0.03,-0.06,0.01,0.06,0.07,0.05,-0.03,1.42307692308,1.61538461538,1.03448275862,1.07894736842,0.869565217391,1.02941176471,1.20689655172,1.16666666667,1.18518518519,0.916666666667
11-HETE-To,-14.0,-3.9,2.7,-4.4,18.6,-6.5,-15.8,-38.3,15.7,4.8,0.81935483871,0.903703703704,1.07238605898,0.91619047619,1.38830897704,0.903846153846,0.640091116173,0.339655172414,1.47005988024,1.06857142857
12_13-DiHOME-To,1.26,4.74,7.4,8.4,3.18,2.12,36.9,5.33,6.08,7.43,1.52941176471,2.56435643564,4.34841628959,5.0,2.09655172414,1.5145631068,15.76,3.14919354839,5.10810810811,3.34384858044
%-C16:0-NEFA,0.058,0.6,-2.948,2.347,0.957,0.059,-2.675,1.599,-1.88,-0.562,1.00227112538,1.02565198803,0.906284769686,1.09889183837,1.04092891968,1.00237147795,0.890409275267,1.07050575422,0.92795554704,0.980150460919
"9c,11t-CLA-NEFA",-0.19,-0.62,-0.09,-0.03,-0.01,-0.34,0.25,-0.06,-0.19,-0.02,0.387096774194,0.279069767442,0.55,0.863636363636,0.923076923077,0.209302325581,7.25,0.785714285714,0.627450980392,0.8
9_10-DiHODE-To,0.3,0.64,1.63,1.41,1.08,0.11,6.61,1.03,1.46,1.08,1.73170731707,2.42222222222,3.50769230769,3.27419354839,2.5652173913,1.14102564103,11.8360655738,1.98095238095,5.70967741935,3.7
C12:0-NEFA,-1.75,-3.26,-0.2,0.54,-0.43,0.96,-1.38,-0.51,0.49,1.85,0.567901234568,0.474193548387,0.954954954955,1.25837320574,0.86038961039,1.33333333333,0.678321678322,0.871536523929,1.1234256927,1.82589285714
8-HETE-To,-7.2,-2.7,6.1,-1.2,14.2,-11.5,-9.8,-24.9,13.8,1.6,0.846808510638,0.901818181818,1.24897959184,0.965217391304,1.42261904762,0.76814516129,0.664383561644,0.369620253165,1.63888888889,1.03389830508
5_6-DiHETrE-To,-1.79,0.51,-4.57,0.74,1.19,1.27,0.03,3.43,-0.65,0.39,0.79354094579,1.10805084746,0.556310679612,1.16972477064,1.19193548387,1.25971370143,1.00423131171,1.40023337223,0.888123924269,1.04727272727
5-HETE-To,-4.8,-9.0,8.0,-17.7,40.7,-12.0,-11.5,-55.6,25.7,-4.0,0.953846153846,0.868421052632,1.14925373134,0.8173374613,1.50684931507,0.896551724138,0.844594594595,0.392349726776,1.4913957935,0.964912280702
C22:6n3/C22:5n3,-0.13,0.65,-0.48,-0.29,-0.26,-0.58,0.04,-0.1,-0.33,-0.07,0.963988919668,1.2850877193,0.874015748031,0.946494464945,0.955631399317,0.853164556962,1.01459854015,0.971181556196,0.945182724252,0.958333333333
11(12)-EpETrE-To,-6.0,7.2,-1.4,-8.7,-2.3,19.7,-10.7,7.7,-5.6,7.4,0.875518672199,1.30125523013,0.95625,0.691489361702,0.924342105263,1.71636363636,0.683431952663,1.25838926174,0.812080536913,1.19946091644
5_15-DiHETE-To,-0.34,-0.14,0.09,1.35,0.8,-2.23,-0.03,-0.2,0.35,0.23,0.65306122449,0.666666666667,1.25714285714,3.75510204082,3.0,0.0746887966805,0.875,0.459459459459,1.97222222222,1.82142857143
12(13)-EpODE-NE,0.29,0.46,1.28,1.0,0.04,0.51,0.97,,,0.37,2.70588235294,7.57142857143,6.12,13.5,1.5,3.55,33.3333333333,,,2.32142857143
%-_ SFA-NEFA,3.906,5.056,-3.409,3.949,0.827,0.642,-2.47,3.964,-1.7,-4.298,1.10760330579,1.15307296397,0.924008024967,1.10730978261,1.02214190094,1.01745988578,0.930734716769,1.10887118923,0.955168776371,0.90503756076
C18:1n9/C18:0-NEFA,-2.46,-2.7,0.33,-0.56,0.14,0.05,-0.16,-0.8,-0.32,1.59,0.511904761905,0.506398537477,1.1050955414,0.819935691318,1.05147058824,1.01557632399,0.960687960688,0.7583081571,0.92841163311,1.91907514451
C20:3n6-NEFA,-0.6,-1.1,-0.22,0.05,-0.73,-0.28,-0.39,-0.05,0.29,0.58,0.512195121951,0.612676056338,0.894736842105,1.03703703704,0.660465116279,0.884773662551,0.843373493976,0.965517241379,1.16022099448,1.725
C15:0-NEFA,-1.57,-0.99,-0.54,0.22,-0.26,0.49,-0.53,-0.23,0.05,0.89,0.566298342541,0.673267326733,0.813148788927,1.11518324607,0.89387755102,1.18560606061,0.805860805861,0.912878787879,1.01628664495,1.445
13-HODE-NE,-14.4,-6.1,42.8,25.6,22.6,-3.4,34.4,13.7,13.3,-33.5,0.66511627907,0.814024390244,2.30886850153,1.88888888889,2.20855614973,0.917274939173,2.81052631579,1.49637681159,1.51550387597,0.547908232119
%-C18:2n6-NEFA,-0.316,-2.325,2.187,1.379,-0.698,0.141,0.093,0.216,4.012,3.547,0.980798444431,0.877192055779,1.17847233556,1.08532359856,0.962597792305,1.00689553991,1.00464025546,1.01285867365,1.2878255255,1.33317678001
9_10-DiHOME-To,0.0,3.25,11.2,6.97,8.1,-1.8,35.85,2.0,8.41,6.29,1.0,1.3591160221,2.64705882353,2.35867446394,1.61363636364,0.88679245283,4.87567567568,1.13888888889,2.42784380306,1.88466947961
%C20:4n3,0.0059,-0.014,-0.0206,-0.0105,-0.0153,-0.0028,-0.0276,0.0065,0.0029,-0.0043,1.31052631579,0.813333333333,0.705714285714,0.825,0.635714285714,0.963157894737,0.689887640449,1.18055555556,1.08787878788,0.90652173913
8(9)-EpETrE-To,3.7,3.7,-2.1,-4.7,-0.9,5.0,-8.5,6.0,-5.2,5.0,1.13405797101,1.2256097561,0.904545454545,0.70987654321,0.952879581152,1.26455026455,0.577114427861,1.28708133971,0.737373737374,1.21929824561
9_10-DiHODE-NE,0.52,0.37,0.76,0.92,0.53,0.29,0.85,-0.2,0.64,0.42,2.48571428571,1.4625,2.01333333333,3.24390243902,1.76811594203,1.453125,2.84782608696,0.869281045752,2.52380952381,1.65625
%-C20:5n3-NEFA,-0.003,-0.064,-0.197,-0.123,-0.101,-0.213,-0.026,-0.077,-0.068,-0.152,0.988235294118,0.791530944625,0.59381443299,0.583050847458,0.673139158576,0.574,0.920731707317,0.611111111111,0.808988764045,0.60824742268
14(15)-EpETrE-To,-8.7,13.6,-11.0,-14.1,-0.3,22.6,-9.8,25.5,-12.8,13.4,0.883534136546,1.30155210643,0.797421731123,0.680272108844,0.993975903614,1.48706896552,0.803607214429,1.54140127389,0.775043936731,1.21202531646
%-_ (n-3) PUFA-NEFA,0.746,0.024,-0.483,-0.916,-0.714,-1.307,0.054,-0.921,-0.424,-1.333,1.2937007874,1.00689655172,0.883894230769,0.745555555556,0.819696969697,0.73595959596,1.01868512111,0.735344827586,0.887533156499,0.685613207547
C22:5n3/C20:5n3-NEFA,-1.2,-0.5,-0.42,0.56,-0.04,-0.09,0.64,-0.75,0.79,0.4,0.543726235741,0.579831932773,0.611111111111,1.37086092715,0.968992248062,0.952380952381,1.4,0.619289340102,1.52666666667,1.44444444444
9_10-EpO-To,-20.5,44.3,65.0,-101.6,-27.2,-22.1,53.3,9.9,-43.7,31.0,0.704610951009,1.8358490566,1.61904761905,0.384242424242,0.696089385475,0.771694214876,1.61476355248,1.13026315789,0.635833333333,1.27927927928
14_15-DiHETrE-To,-0.04,-0.03,-0.03,-0.08,0.19,-0.02,0.02,0.04,0.05,-0.17,0.923076923077,0.923076923077,0.941176470588,0.829787234043,1.36538461538,0.960784313725,1.04,1.08695652174,1.13513513514,0.802325581395
Sum-TriHOME-To,-2.5,-3.39,2.7,7.3,7.6,-10.9,-1.4,-2.49,8.0,-1.5,0.848484848485,0.7175,1.26213592233,1.61344537815,1.66086956522,0.56746031746,0.893129770992,0.78347826087,1.8,0.890510948905
13-HODE-To,-550.0,-410.0,440.0,600.0,930.0,-1620.0,-210.0,-1044.0,1320.0,180.0,0.791666666667,0.726666666667,1.38596491228,1.42553191489,1.83783783784,0.607748184019,0.848920863309,0.385882352941,2.17857142857,1.08219178082
9-HODE-To,-65.0,-67.0,203.0,236.0,314.0,-400.0,228.0,-280.0,479.0,159.0,0.922434367542,0.860706860707,1.5152284264,1.49269311065,1.83957219251,0.72027972028,1.47010309278,0.497307001795,2.24415584416,1.23010130246
8_9-DiHETrE-NE,-0.01,-0.08,0.06,-0.4,0.04,0.17,-0.14,0.13,0.1,-0.08,0.975609756098,0.829787234043,1.14285714286,0.545454545455,1.06153846154,1.51515151515,0.735849056604,1.25490196078,1.15625,0.9
C16:1n7/C16:0-NEFA,-0.06,-0.09,0.0,-0.05,-0.02,0.0,-0.03,-0.08,-0.05,0.05,0.571428571429,0.55,1.0,0.583333333333,0.777777777778,1.0,0.785714285714,0.384615384615,0.666666666667,1.55555555556
%-C16:1n7-NEFA,-1.536,-2.032,-0.353,-1.024,-0.264,-0.046,-0.864,-1.68,-1.493,1.164,0.576509511993,0.570855332629,0.878860672615,0.6258677384,0.86917740337,0.973952434881,0.739680626695,0.442416196482,0.622407688417,1.44090909091
5-KETE-NE,0.01,-0.07,-0.01,-0.27,0.1,-0.15,0.09,0.12,-0.09,-0.42,1.04545454545,0.5,0.941176470588,0.307692307692,6.0,0.347826086957,1.69230769231,2.5,0.608695652174,0.236363636364
_ (n-6)/_ (n-3) -NEFA,-1.15,-0.48,1.07,1.99,1.06,1.55,-0.03,2.09,1.69,1.67,0.844594594595,0.922204213938,1.30056179775,1.34369602763,1.18794326241,1.32024793388,0.996441281139,1.36860670194,1.36819172113,1.39856801909
%C18:1n7,-0.0029,0.1265,0.1327,0.1235,0.0718,0.1471,0.2466,0.1789,0.0858,0.0512,0.997289719626,1.10251215559,1.10383411581,1.09959677419,1.05993322204,1.13520220588,1.22336956522,1.14970711297,1.06470588235,1.0380952381
%C18:3n6,-0.0113,-0.0707,-0.0776,-0.028,0.0591,-0.0911,-0.1426,-0.1235,-0.0504,-0.0938,0.961694915254,0.908656330749,0.76049382716,0.934272300469,1.16694915254,0.850164473684,0.685209713024,0.807931570762,0.824390243902,0.871330589849
"%-9c,11t-CLA-NEFA",0.01,-0.039,-0.008,-0.032,0.015,-0.072,0.073,-0.007,-0.056,-0.049,1.20408163265,0.648648648649,0.724137931034,0.609756097561,1.55555555556,0.162790697674,11.4285714286,0.887096774194,0.495495495495,0.222222222222
F2-isoPs-To,0.1,0.03,0.26,-0.04,-0.84,-0.82,0.14,-0.26,0.0,-0.7,1.08695652174,1.02564102564,1.25742574257,0.96992481203,0.490909090909,0.587939698492,1.12280701754,0.783333333333,1.0,0.593023255814
12-HETE-To,-18.8,-9.5,11.4,14.2,18.1,-19.8,-18.4,-30.9,11.4,-150.3,0.740331491713,0.813725490196,1.26697892272,1.19189189189,1.40311804009,0.738095238095,0.592920353982,0.420262664165,1.32853025937,0.357692307692
15-HETE-NE,-1.48,-0.98,0.55,-0.59,0.54,-0.3,-0.11,0.25,-0.34,-7.05,0.439393939394,0.519607843137,1.23305084746,0.785454545455,1.57446808511,0.859154929577,0.923611111111,1.26595744681,0.816216216216,0.381578947368
9-HODE-NE,10.2,7.2,62.5,47.1,21.3,11.1,55.6,29.1,34.0,-1.2,1.32903225806,1.32142857143,3.65957446809,3.20093457944,2.37419354839,1.31005586592,4.14124293785,2.10646387833,2.58878504673,0.973451327434
15_16-DiHODE-To,1.35,4.88,6.63,7.62,5.28,1.16,29.6,6.11,4.83,4.94,1.50561797753,2.97570850202,4.38265306122,4.21518987342,7.21176470588,1.2473347548,10.25,3.69162995595,4.42553191489,3.6847826087
C19:0,0.4,0.21,0.42,0.46,-0.08,1.2,2.38,0.42,0.68,0.42,1.18433179724,1.09502262443,1.22702702703,1.23,0.971014492754,1.41237113402,2.15533980583,1.1686746988,1.32227488152,1.17283950617
12-HETE-NE,-7.58,-19.0,10.2,24.5,-1.15,-27.8,-4.7,-2.2,2.51,-198.7,0.466197183099,0.383116883117,1.45945945946,1.48902195609,0.853316326531,0.283505154639,0.620967741935,0.849315068493,1.31025957973,0.202008032129
8-HETE-NE,-0.53,-0.5,0.64,0.24,0.15,-0.56,-0.22,0.44,-0.15,-1.66,0.436170212766,0.450549450549,2.03225806452,1.25806451613,1.36585365854,0.377777777778,0.627118644068,2.04761904762,0.8,0.402877697842
C21:0,-0.06,-0.06,1.04,39.87,0.34,-0.11,0.14,-0.13,0.04,-0.14,0.888888888889,0.934065934066,53.0,33.6803278689,1.85,0.911290322581,1.16666666667,0.80303030303,1.08888888889,0.831325301205
%-C20:0-NEFA,0.059,0.056,0.04,0.025,0.017,0.019,0.037,0.046,0.042,-0.082,2.05357142857,1.96551724138,1.59701492537,1.27777777778,1.16504854369,1.27941176471,1.61666666667,1.55421686747,1.56,0.541899441341
12(13)-Ep-9-KODE-NE,1.15,-0.38,5.79,0.21,0.66,-1.18,0.17,0.3,1.76,-11.24,1.31081081081,0.751633986928,3.16853932584,1.19266055046,1.6,0.696658097686,1.1328125,1.54545454545,1.95652173913,0.0633333333333
%-C20:2n6-NEFA,0.049,0.068,0.047,0.047,0.022,0.025,0.019,0.13,0.131,-0.089,1.2197309417,1.28333333333,1.2385786802,1.15666666667,1.07482993197,1.07530120482,1.0695970696,1.52845528455,1.62679425837,0.768229166667
%C22:6n3 (DHA),-0.0686,-0.2138,-0.3351,-0.5108,-0.1115,-0.2404,-0.8281,-0.3511,-0.604,-0.1264,0.960642570281,0.869474969475,0.786832061069,0.771964285714,0.944719881011,0.855267910897,0.547980349345,0.785914634146,0.770864946889,0.853364269142
%_ SFA,0.4639,1.5072,1.7192,2.3495,-0.6831,1.9342,2.492,1.9638,2.101,1.443,1.01596901893,1.05059415911,1.05833729216,1.0769318926,0.981072319202,1.07301623254,1.06707940781,1.06616576819,1.0707884097,1.04759234828
F2-isoPs-NE,,-0.35,-0.11,,-0.28,-3.83,,-0.41,4.41,,,0.270833333333,0.694444444444,,0.0967741935484,0.0496277915633,,0.559139784946,221.5,
%C20:2n6,0.0053,-0.0048,0.0416,0.0418,0.0046,0.0175,-0.0119,0.0275,0.007,0.0183,1.03955223881,0.977358490566,1.22608695652,1.2843537415,1.02643678161,1.10869565217,0.931609195402,1.14864864865,1.0376344086,1.11296296296
%-_ (n-6) PUFA-NEFA,1.791,-1.536,2.202,0.045,-0.551,-0.687,0.384,0.132,3.726,-0.72,1.09546908316,0.928458313926,1.14848280512,1.00215827338,0.975291479821,0.971351125938,1.01577649959,1.00669710807,1.21550028918,0.959436619718
12-HEPE-NE,-0.63,-1.17,0.03,0.96,0.13,-2.57,-0.63,-0.18,0.15,-11.32,0.363636363636,0.442857142857,1.02459016393,1.23587223587,1.25490196078,0.389548693587,0.688118811881,0.746478873239,1.1724137931,0.185611510791
9_10-e-DiHO-To,2.31,5.77,8.67,6.36,4.23,-0.86,13.4,-0.28,7.45,5.03,1.30394736842,1.88361408882,1.91940615058,1.71140939597,1.51148730351,0.914851485149,2.18584070796,0.96992481203,2.12030075188,1.63111668758
%-C22:6n3-NEFA,-0.574,-0.656,-1.103,-1.598,-1.134,-2.505,-0.691,-0.934,-1.495,-2.477,0.234666666667,0.349851337958,0.284695201038,0.0493753718025,0.127692307692,0.0600375234522,0.163438256659,0.0958373668925,0.077729796422,0.0684467845055
%-C18:3n6-NEFA,0.049,-0.002,-0.034,0.035,-0.086,0.009,0.044,0.034,-0.008,-0.121,1.57647058824,0.988304093567,0.851528384279,1.21604938272,0.711409395973,1.07438016529,1.17529880478,1.28099173554,0.961352657005,0.596666666667
C20:4n6-NEFA,-3.46,-5.27,-2.91,-0.58,-4.17,-0.49,-4.15,-2.13,1.25,3.21,0.689128481581,0.585039370079,0.763798701299,0.939267015707,0.660423452769,0.960227272727,0.743668931439,0.780412371134,1.11042402827,1.3618940248
C22:6n3/C22:5n3-NEFA,3.27,2.63,0.72,0.27,1.19,0.2,0.12,1.61,-0.3,-1.31,2.11224489796,1.80182926829,1.22641509434,1.0474516696,1.28266033254,1.03752345216,1.04761904762,1.30961538462,0.934210526316,0.809037900875
9(10)-EpOME-To,-46.0,50.0,4.0,2.0,23.0,214.0,39.0,110.0,-15.0,100.0,0.852090032154,1.27624309392,1.01606425703,1.01257861635,1.13294797688,1.6858974359,1.17256637168,1.6043956044,0.940711462451,1.42372881356
%C22:5n3 (DPA),-0.0024,-0.2317,-0.0405,-0.0767,-0.0038,0.0001,-0.3078,-0.0906,-0.0808,-0.0542,0.995031055901,0.677298050139,0.901699029126,0.814734299517,0.988953488372,1.00023752969,0.539910313901,0.808456659619,0.815525114155,0.894140625
11-HETE-NE,-0.61,-0.56,0.8,0.14,0.18,-0.17,-0.29,0.02,-0.69,-2.29,0.45045045045,0.397849462366,2.35593220339,1.15909090909,1.66666666667,0.753623188406,0.532258064516,1.05,0.378378378378,0.314371257485
5-HETE-NE,0.05,-1.2,0.67,0.15,2.1,-2.88,0.67,0.12,0.62,-0.12,1.01650165017,0.661971830986,1.21895424837,1.02365930599,1.63444108761,0.467652495379,1.16625310174,1.02877697842,1.15696202532,0.98418972332
13-KODE-NE,1.85,0.44,4.59,2.16,1.46,-0.79,5.29,0.26,2.67,-5.55,1.51675977654,1.21256038647,2.03378378378,2.86206896552,1.60330578512,0.772988505747,2.4532967033,1.08843537415,2.09426229508,0.407684098186
15-HEPE-NE,0.19,-0.12,-0.19,-0.09,0.08,-0.19,0.05,-0.26,-0.01,-0.89,1.33333333333,0.647058823529,0.781609195402,0.8,1.47058823529,0.736111111111,1.10416666667,0.59375,0.982142857143,0.381944444444
%C18:4n3,-0.007,0.0089,-0.027,0.028,0.0028,0.0362,-0.0952,-0.0002,0.0194,0.0501,0.740740740741,1.52352941176,0.542372881356,3.0,1.21538461538,4.29090909091,0.0574257425743,0.995652173913,2.94,3.94705882353
PGF2a - Full-To,0.05,0.13,0.31,-0.02,-0.79,-0.87,0.01,-0.36,0.1,-0.8,1.04166666667,1.11111111111,1.30693069307,0.985714285714,0.521212121212,0.587677725118,1.00740740741,0.733333333333,1.08196721311,0.578947368421
8_9-DiHETrE-To,-0.51,-0.49,-0.01,0.43,1.53,-0.08,-0.85,-0.62,0.4,-0.79,0.902111324376,0.864265927978,0.997530864198,1.12609970674,1.255,0.984526112186,0.862459546926,0.886654478976,1.11142061281,0.840404040404
%-C16:1n7t-NEFA,0.054,0.133,0.14,-0.203,0.068,-0.021,0.181,0.069,-0.028,-0.407,1.09045226131,1.25285171103,1.3056768559,0.743362831858,1.12615955473,0.968888888889,1.32789855072,1.13883299799,0.959479015919,0.52286049238
%-C17:0-NEFA,0.118,0.146,-0.041,0.029,0.02,-0.045,-0.003,-0.096,-0.042,-0.143,1.27699530516,1.5468164794,0.88418079096,1.07004830918,1.04545454545,0.900881057269,0.991228070175,0.820895522388,0.893939393939,0.752166377816
17_18-DiHETE-NE,-2.5,-0.11,-0.27,-2.36,1.76,0.35,-0.22,1.03,1.02,-0.01,0.513618677043,0.975663716814,0.896551724138,0.515400410678,1.30240549828,1.08196721311,0.969101123596,1.18968692449,1.21982758621,0.996240601504
"%9c,11t-CLA",0.0157,0.0031,-0.0185,0.0193,0.0222,0.0125,-0.008,0.0156,0.0216,0.0134,2.57,1.14761904762,0.195652173913,1.965,3.01818181818,1.23148148148,0.876923076923,2.2,22.6,1.46206896552
13-HOTE-To,-0.8,-3.24,6.48,9.2,8.0,-6.7,5.7,-3.16,13.93,3.5,0.928571428571,0.744881889764,2.04180064309,1.79310344828,2.53846153846,0.767361111111,1.31147540984,0.710091743119,3.29489291598,1.20710059172
11_12-DiHETrE-To,-0.12,0.0,-0.05,-0.05,0.38,-0.16,0.13,0.09,0.05,-0.26,0.875,1.0,0.9375,0.948979591837,1.304,0.853211009174,1.08904109589,1.10465116279,1.06666666667,0.808823529412
17-HDoHE-To,-4.1,-1.3,-2.1,-16.5,25.4,-20.2,-17.1,-23.18,34.6,-13.3,0.867313915858,0.940639269406,0.885245901639,0.681467181467,1.93726937269,0.646234676007,0.598591549296,0.293292682927,2.11254019293,0.646276595745
9-KODE-NE,7.52,3.17,11.31,9.73,1.3,0.7,19.18,1.7,6.02,-6.6,1.76891615542,1.52052545156,2.25806451613,2.52747252747,1.20569620253,1.05833333333,4.03481012658,1.15596330275,1.66299559471,0.611764705882
5-KETE-To,-0.7,3.94,-2.77,-2.51,3.57,0.6,0.67,0.4,-2.87,1.8,0.945736434109,1.62939297125,0.722722722723,0.771818181818,1.41367323291,1.05042016807,1.0703043022,1.03669724771,0.758823529412,1.1512605042
9-HOTE-To,0.7,0.3,8.83,14.6,9.45,-5.1,19.5,-1.61,15.64,8.2,1.06862745098,1.02654867257,2.43111831442,2.29203539823,3.03225806452,0.828859060403,2.015625,0.861206896552,3.86446886447,1.51572327044
12(13)-Ep-9-KODE-To,1.9,16.0,-6.0,-0.3,10.7,-12.6,4.0,4.5,-2.9,3.0,1.02874432678,1.36697247706,0.880478087649,0.994444444444,1.23260869565,0.882242990654,1.0790513834,1.08620689655,0.958273381295,1.04643962848
%-C20:4n6-NEFA,1.898,0.605,-0.035,-1.247,0.165,-0.637,0.075,-0.273,-0.321,-3.724,2.08519153802,1.36778115502,0.980694980695,0.656946354883,1.06420233463,0.745301879248,1.02297090352,0.873844731978,0.868388683887,0.361454046639
%C16:0,0.259,0.6446,0.8726,1.1259,-0.2712,1.2192,2.0738,1.2203,1.2262,0.5719,1.01178129549,1.02913973148,1.04093446545,1.04827837571,0.99004478379,1.05916149068,1.07316281531,1.05386686678,1.05239275338,1.02410435809
9-KODE-To,-41.0,90.0,-14.0,14.0,86.0,-20.0,45.0,34.0,21.0,56.0,0.908277404922,1.36144578313,0.950877192982,1.04402515723,1.39090909091,0.972451790634,1.14018691589,1.11038961039,1.05023923445,1.13238770686
%-C15:0-NEFA,0.406,0.226,0.019,-0.163,0.227,-0.043,0.058,0.013,-0.136,-0.814,1.71353251318,1.57653061224,1.04470588235,0.776406035665,1.44249512671,0.919776119403,1.10507246377,1.02210884354,0.794251134644,0.382397572079
15-HEPE-To,-1.57,-1.22,0.45,-0.08,3.54,-5.1,-3.0,-3.28,2.65,-1.44,0.773775216138,0.78018018018,1.17374517375,0.986798679868,1.72097759674,0.72131147541,0.770992366412,0.303609341826,1.64634146341,0.777777777778
PGF2a - Select-To,-0.05,,,0.02,,-0.05,-0.13,-0.09,0.11,-0.11,0.0,,,1.28571428571,,0.583333333333,0.380952380952,0.357142857143,4.66666666667,0.421052631579
%-C20:3n6-NEFA,0.105,0.16,0.045,-0.14,0.031,-0.153,0.078,0.027,-0.036,-0.287,1.54404145078,1.4347826087,1.1461038961,0.727095516569,1.06904231626,0.689024390244,1.1550695825,1.08359133127,0.907455012853,0.456439393939
19_20-DiHDoPE-To,-0.03,0.05,-0.05,-0.03,0.18,-0.03,0.07,-0.02,-0.05,0.07,0.909090909091,1.17857142857,0.821428571429,0.896551724138,1.4,0.9,1.18421052632,0.944444444444,0.893617021277,1.38888888889
12-HEPE-To,-2.29,-1.2,-0.49,-0.45,1.09,-0.99,2.03,-1.63,0.52,-7.38,0.464953271028,0.751552795031,0.785087719298,0.912621359223,1.28092783505,0.831345826235,1.27469553451,0.460264900662,1.14772727273,0.369230769231
13-KODE-To,-2.0,41.0,-6.0,-17.0,64.3,-35.0,15.0,21.0,2.0,38.0,0.989071038251,1.39805825243,0.957446808511,0.893081761006,1.73318129989,0.878048780488,1.10563380282,1.14482758621,1.01052631579,1.21468926554
9-HEPE-To,0.38,-0.65,0.69,-0.52,2.34,-5.11,-4.89,-2.38,1.88,0.07,1.09336609337,0.759259259259,1.51879699248,0.880459770115,2.14705882353,0.635,0.515841584158,0.263157894737,1.78991596639,1.02005730659
%_ (n-3) PUFA,-0.0978,-0.5771,-0.5214,-0.751,-0.1772,-0.3676,-1.9634,-0.5378,-0.8172,-0.2168,0.966391752577,0.826174698795,0.799461538462,0.783573487032,0.944100946372,0.889277108434,0.557792792793,0.804436363636,0.7871875,0.885894736842
%-C14:0-NEFA,0.091,0.004,-0.048,0.043,0.425,0.268,-0.366,0.209,-0.235,-0.672,1.03857566766,1.0019193858,0.982893799002,1.02162977867,1.27001270648,1.14888888889,0.851037851038,1.103567889,0.917918267552,0.783225806452
%C14:0,-0.0056,0.2142,0.3884,0.3457,-0.0662,0.1442,0.4945,0.2813,0.256,0.2192,0.990476190476,1.28333333333,1.65830508475,1.37616974973,0.953445850914,1.1782447466,1.31061557789,1.3667535854,1.29459148446,1.21617357002
C20:4n3,1.1,-0.77,-0.2,0.4,-0.9,2.58,7.48,3.09,1.99,1.26,1.5069124424,0.885756676558,0.966499162479,1.05805515239,0.777777777778,1.13672496025,1.43137254902,1.7803030303,1.43355119826,1.16666666667
"9c,11t-CLA",2.24,0.43,-1.49,3.54,2.85,6.11,10.39,3.31,3.97,4.29,2.98230088496,1.22279792746,0.258706467662,2.56637168142,3.63888888889,1.45665171898,1.82199367089,3.31468531469,24.3529411765,1.91862955032
12(13)-EpOME-To,-23.0,28.0,13.0,11.0,35.0,75.0,94.0,61.0,-37.0,68.0,0.882051282051,1.19718309859,1.07692307692,1.08461538462,1.33018867925,1.36764705882,1.65734265734,1.42957746479,0.826291079812,1.38202247191
9-HEPE-NE,0.08,-0.19,-0.01,0.26,0.04,-0.12,-0.08,0.03,-0.02,-0.51,1.42105263158,0.296296296296,0.95,1.92857142857,1.22222222222,0.675675675676,0.794871794872,1.2,0.933333333333,0.354430379747
C18:2n6,644.47,96.08,772.18,587.72,440.04,751.9,3153.82,1370.87,1065.74,971.89,1.15990025928,1.03121294519,1.25132386206,1.16228320866,1.15598613268,1.07613622095,1.69868142385,1.38165169797,1.21054357597,1.20482791033
9_10-EpO-NE,3.82,-0.01,7.43,2.5,0.58,-0.64,-0.15,-0.26,2.07,1.64,1.83406113537,0.996598639456,2.35831809872,1.62034739454,1.145,0.88850174216,0.974958263773,0.952727272727,1.50985221675,1.26666666667
%C20:5n3 (EPA),-0.0206,-0.1235,-0.0962,-0.1771,-0.0533,-0.1647,-0.7087,-0.1075,-0.1567,-0.0859,0.967456556082,0.857882623705,0.801649484536,0.760027100271,0.929683377309,0.857402597403,0.59572162008,0.808035714286,0.783862068966,0.816059957173
%-C12:0-NEFA,0.456,0.085,0.146,-0.095,0.248,0.02,-0.057,-0.021,-0.105,-0.758,1.715855573,1.10572139303,1.22324159021,0.880653266332,1.38449612403,1.03418803419,0.934027777778,0.976324689966,0.877336448598,0.485054347826
%C18:3n3,-0.0184,-0.1328,0.0479,0.1419,0.0657,0.0307,-0.027,0.1064,0.1055,0.0752,0.96206185567,0.863655030801,1.06708683473,1.23073170732,1.15831325301,1.04269819193,0.973080757727,1.14262734584,1.15267727931,1.09471032746
C18:3n6,4.03,-0.82,1.08,9.46,14.42,0.7,36.91,14.4,3.39,15.21,1.12113014728,0.988228538616,1.03896103896,1.19239373602,1.41918604651,1.00464344942,1.41701502655,1.2009208874,1.0847711928,1.12768636669
C16:1n7/C16:0,-0.01,0.0,0.0,-0.01,0.03,0.0,-0.01,-0.02,-0.01,-0.01,0.833333333333,1.0,1.0,0.888888888889,1.42857142857,1.0,0.888888888889,0.777777777778,0.833333333333,0.9
_ (n-6) PUFA,879.33,91.57,917.12,606.76,606.26,767.03,3469.25,1667.21,1177.11,1208.84,1.16224728721,1.02180051234,1.22425555431,1.12277868836,1.15065354605,1.06320583613,1.56739380736,1.33636704785,1.18377268647,1.18586300898
C22:4n6,7.14,-1.44,1.65,5.74,1.85,2.56,12.26,11.7,4.57,10.62,1.332247557,0.917050691244,1.09090909091,1.26999059266,1.12602179837,1.09251897362,1.38039094012,1.57863501484,1.27332535885,1.26791120081
C18:4n3,-0.46,0.96,-1.34,4.55,0.63,11.05,-17.29,2.42,4.0,11.39,0.851132686084,1.61146496815,0.736220472441,3.79141104294,1.50806451613,4.98916967509,0.11875637105,1.46808510638,3.85714285714,5.06785714286
11(12)-EpETE-To,0.35,2.07,-0.18,-1.61,-0.4,3.55,-3.8,0.78,-0.31,1.86,1.10736196319,1.70408163265,0.917808219178,0.507645259939,0.8606271777,1.46405228758,0.698412698413,1.44827586207,0.893470790378,1.92537313433
C20:3n6,16.68,-7.88,13.96,-0.77,14.94,4.99,41.28,29.94,11.88,24.3,1.17831943554,0.948378643957,1.11712391979,0.995040577096,1.14464130119,1.01442613472,1.19772955884,1.20806115358,1.07610993658,1.12006522061
C20:4n6 (AA),201.57,4.01,119.18,-9.79,127.93,-11.69,182.98,222.43,78.14,170.86,1.1645899337,1.00465488821,1.14285029366,0.990896579941,1.12386116087,0.99305064292,1.14944706709,1.20098127801,1.07074886597,1.12501280419
12(13)-EpODE-To,-1.03,1.74,1.82,1.82,-0.16,5.81,6.54,2.78,1.63,3.47,0.745679012346,1.44050632911,1.29593495935,1.50837988827,0.954285714286,1.85567010309,1.90082644628,1.65258215962,1.36061946903,1.61091549296
5-HEPE-To,0.01,-1.73,0.77,-0.63,4.24,-7.5,-0.9,-4.0,4.02,-0.11,1.00123762376,0.76462585034,1.21937321937,0.926998841251,1.68831168831,0.708171206226,0.967509025271,0.418604651163,1.67224080268,0.986601705238
%C18:1n9,-0.0345,1.806,3.565,3.3285,2.2153,3.1067,6.8242,3.0147,3.2214,2.1108,0.997942877586,1.11142645607,1.21430718365,1.17682214195,1.14430981695,1.18388280556,1.31116684146,1.16206321901,1.19445852952,1.09299088066
C20:0,0.75,1.92,3.16,3.41,0.42,3.29,20.09,2.72,2.13,4.21,1.24115755627,1.43735763098,2.14079422383,1.79118329466,1.08695652174,1.47134670487,3.64342105263,1.61818181818,1.61739130435,1.73859649123
%C16:1n7,-0.2415,0.0185,-0.1201,-0.1016,0.6916,0.0004,-0.0116,-0.2257,-0.1598,-0.1577,0.822033898305,1.01378539493,0.896909871245,0.949477871706,1.3458,1.00019074869,0.995495145631,0.884078068824,0.891587516961,0.935998376623
%_ MUFA,-0.2607,2.0281,3.6844,3.4316,3.0109,3.3194,7.1075,2.9584,3.2299,2.0313,0.986671779141,1.10541060291,1.18942930591,1.15224489796,1.15905441099,1.16176413255,1.27252684049,1.13236689038,1.16296165489,1.07473509934
C22:0,0.1,0.01,1.37,2.93,-0.81,-0.1,5.62,-1.08,0.91,0.08,1.03663003663,1.00334448161,2.26851851852,2.4504950495,0.670731707317,0.974293059126,2.82467532468,0.702479338843,1.37916666667,1.01951219512
C20:1n9,4.02,3.0,10.09,9.66,5.92,7.66,40.56,11.04,10.58,13.04,1.38176638177,1.25445292621,1.90008920607,1.5463800905,1.67349260523,1.32471386181,2.47276688453,1.70633397313,1.90196078431,1.76436107855
17(18)-EpETE-To,-2.49,2.32,-0.77,-2.55,1.59,6.1,-4.7,-0.47,-1.2,1.5,0.72577092511,1.3676703645,0.816666666667,0.625,1.28042328042,1.41496598639,0.804979253112,0.912962962963,0.850746268657,1.26223776224
C20:5n3 (EPA),9.05,-5.19,3.95,-2.47,9.56,3.73,79.75,12.53,3.18,4.29,1.12664427652,0.933597748209,1.09520366353,0.970975323149,1.1296622813,1.0130228336,1.23303722751,1.20067264574,1.03147579927,1.05622542595
Sum-TriHOME-NE,4.0,4.63,3.5,7.2,0.9,4.4,8.0,-0.6,-4.7,-4.16,1.38834951456,1.65487977369,1.25547445255,1.57142857143,1.07826086957,1.37288135593,1.6106870229,0.956204379562,0.682432432432,0.698550724638
14_15-DiHETE-NE,-0.2,-0.22,0.09,-0.14,1.0,0.26,-0.22,-0.02,-0.31,-0.22,0.767441860465,0.714285714286,1.15,0.820512820513,4.33333333333,1.48148148148,0.87134502924,0.967741935484,0.693069306931,0.676470588235
